Overall_Rank,Name,Team,Position,Type,Projected_Fpoints
1,Tarik Skubal,DET,SP,SP,528.7463340759277
2,Juan Soto,NYM,OF,Batter,518.9670399864711
3,Garrett Crochet,BOS,SP,SP,500.18843626976013
4,Aaron Judge,NYY,OF/DH,Batter,495.30592247052704
5,Shohei Ohtani,LAD,DH/SP,Batter,470.7851430131132
6,Jose Ramirez,CLE,3B/DH,Batter,462.16611855822
7,Bobby Witt Jr.,KCR,SS,Batter,454.14520516005985
8,Hunter Greene,CIN,SP,SP,448.0817482471466
9,Paul Skenes,PIT,SP,SP,438.2446780204773
10,Cole Ragans,KCR,SP,SP,435.93080472946167
11,Dylan Cease,TOR,SP,SP,431.8912196159363
12,Vladimir Guerrero Jr.,TOR,1B/DH,Batter,418.2797477695271
13,Bryan Woo,SEA,SP,SP,414.21199798583984
14,Kyle Tucker,LAD,OF,Batter,413.2574121170677
15,Jacob deGrom,TEX,SP,SP,409.590961933136
16,Cristopher Sanchez,PHI,SP,SP,401.3373532295227
17,Fernando Tatis Jr.,SDP,OF,Batter,395.38118595417103
18,Ketel Marte,ARI,2B/DH,Batter,395.1789986732753
19,Chris Sale,ATL,SP,SP,388.6525049209595
20,Gunnar Henderson,BAL,SS,Batter,384.8284585486944
21,Vinnie Pasquantino,KCR,1B/DH,Batter,384.54677294846647
22,Mookie Betts,LAD,SS,Batter,383.34030783928256
23,Logan Gilbert,SEA,SP,SP,382.0238287448883
24,Maikel Garcia,KCR,3B,Batter,376.373211285585
25,Geraldo Perdomo,ARI,SS,Batter,376.10139160876315
26,Corbin Carroll,ARI,OF,Batter,374.5321553200057
27,Francisco Lindor,NYM,SS,Batter,374.47434541846167
28,Jesus Luzardo,PHI,SP,SP,373.3243350982666
29,Sonny Gray,BOS,SP,SP,369.8830232620239
30,Hunter Brown,HOU,SP,SP,369.0141398906708
31,Max Fried,NYY,SP,SP,368.82273387908936
32,Logan Webb,SFG,SP,SP,366.06432127952576
33,Joe Ryan,MIN,SP,SP,362.76224851608276
34,Yordan Alvarez,HOU,OF/DH,Batter,359.9349703504675
35,Ronald Acuna Jr.,ATL,OF,Batter,359.6033277735813
36,Edwin Diaz,LAD,RP,RP,359.5653929710388
37,Alex Bregman,CHC,3B,Batter,358.13893837623255
38,Zack Wheeler,PHI,SP,SP,357.95690155029297
39,Kyle Schwarber,PHI,DH,Batter,357.05612153761194
40,Josh Naylor,SEA,1B/DH,Batter,355.85053781415735
41,Drew Rasmussen,TBR,SP,SP,354.83418130874634
42,Pete Alonso,BAL,1B,Batter,354.22069746211133
43,Mason Miller,SDP,RP,RP,353.7283043861389
44,Yandy Diaz,TBR,1B/DH,Batter,352.44857300676176
45,Julio Rodriguez,SEA,OF,Batter,351.6545709962985
46,Kyle Bradish,BAL,SP,SP,350.04939699172974
47,Junior Caminero,TBR,3B,Batter,349.9557549456302
48,Nico Hoerner,CHC,2B,Batter,346.11045014165205
49,George Springer,TOR,OF/DH,Batter,344.6936395845382
50,Alec Burleson,STL,OF/1B/DH,Batter,344.53313800397177
51,Emmet Sheehan,LAD,SP,SP,344.4331169128418
52,Nick Pivetta,SDP,SP,SP,344.10837745666504
53,Brent Rooker,ATH,OF/DH,Batter,343.9607995327243
54,Corey Seager,TEX,SS,Batter,343.905678911229
55,Matt Olson,ATL,1B,Batter,342.9658318528551
56,Blake Snell,LAD,SP,SP,342.5884323120117
57,Cal Raleigh,SEA,C/DH,Batter,342.4179678723147
58,Robbie Ray,SFG,SP,SP,341.93003487586975
59,George Kirby,SEA,SP,SP,341.56734025478363
60,Jackson Merrill,SDP,OF,Batter,341.4663345896861
61,Brandon Woodruff,MIL,SP,SP,341.39970326423645
62,Freddie Freeman,LAD,1B,Batter,341.0973489438712
63,Steven Kwan,CLE,OF,Batter,340.2546242921043
64,Jurickson Profar,ATL,OF,Batter,339.3593975550947
65,Gleyber Torres,DET,2B,Batter,339.0785733907872
66,Framber Valdez,DET,SP,SP,338.7680469751358
67,Rafael Devers,SFG,1B/DH,Batter,337.6456805813608
68,Manny Machado,SDP,3B,Batter,336.49802418848356
69,Eury Perez,MIA,SP,SP,335.44996905326843
70,William Contreras,MIL,C/DH,Batter,334.9288449751583
71,Nathan Eovaldi,TEX,SP,SP,334.3062152862549
72,Jack Flaherty,DET,SP,SP,333.6614999771118
73,Cade Smith,CLE,RP,RP,332.95607805252075
74,Devin Williams,NYM,RP,RP,331.02117919921875
75,Sandy Alcantara,MIA,SP,SP,330.261372089386
76,Freddy Peralta,NYM,SP,SP,329.3478524684906
77,Luis Arraez,SFG,1B/DH,Batter,329.056144867233
78,Josh Hader,HOU,RP,RP,328.16977167129517
79,Bo Bichette,NYM,SS,Batter,328.0276235546258
80,Aroldis Chapman,BOS,RP,RP,327.8364133834839
81,Ryan Pepiot,TBR,SP,SP,327.1666650772095
82,Brice Turang,MIL,2B,Batter,327.0070256433598
83,Cody Bellinger,NYY,OF,Batter,325.4487891965183
84,Shane Baz,BAL,SP,SP,323.8208808898926
85,Trea Turner,PHI,SS,Batter,323.77652043700743
86,Jeremy Pena,HOU,SS,Batter,323.65996340596797
87,Randy Arozarena,SEA,OF,Batter,322.066931164644
88,Nolan Schanuel,LAA,1B,Batter,321.3896488738066
89,Ben Rice,NYY,1B/C/DH,Batter,320.54592366912414
90,David Bednar,NYY,RP,RP,319.9366888999939
91,Reid Detmers,LAA,RP,RP,319.4946479797363
92,Jhoan Duran,PHI,RP,RP,319.3642635345459
93,Yoshinobu Yamamoto,LAD,SP,SP,318.53604388237
94,Jung Hoo Lee,SFG,OF,Batter,317.7773873183844
95,Spencer Strider,ATL,SP,SP,317.44617199897766
96,Jackson Chourio,MIL,OF,Batter,317.42651623419556
97,Elly De La Cruz,CIN,SS,Batter,317.32492640373283
98,Gavin Williams,CLE,SP,SP,317.29197120666504
99,Aaron Nola,PHI,SP,SP,316.0919919013977
100,Kevin Gausman,TOR,SP,SP,315.85836029052734
101,Bryce Harper,PHI,1B,Batter,315.78960273326123
102,Willy Adames,SFG,SS,Batter,315.6634658853111
103,Pete Crow-Armstrong,CHC,OF,Batter,315.4471493738711
104,Ian Happ,CHC,OF,Batter,313.8774352681102
105,Jose Soriano,LAA,SP,SP,313.76985931396484
106,Salvador Perez,KCR,C/1B/DH,Batter,313.71896320669117
107,Brendan Donovan,SEA,2B,Batter,313.67814202430685
108,Jo Adell,LAA,OF,Batter,313.67730630106445
109,Tyler Glasnow,LAD,SP,SP,312.2787046432495
110,Alec Bohm,PHI,3B,Batter,312.07741028573093
111,Zach Neto,LAA,SS,Batter,311.7716724140071
112,Jonathan Aranda,TBR,1B,Batter,311.0377155252941
113,Ozzie Albies,ATL,2B,Batter,310.2834115394264
114,Roman Anthony,BOS,OF,Batter,309.61414122744173
115,Taylor Ward,BAL,OF,Batter,308.70885575980293
116,Zac Gallen,ARI,SP,SP,308.52498376369476
117,Matt Chapman,SFG,3B,Batter,308.469566135759
118,Masyn Winn,STL,SS,Batter,308.3667587446619
119,MacKenzie Gore,TEX,SP,SP,307.7291896343231
120,Wyatt Langford,TEX,OF,Batter,307.3919354934558
121,Daniel Palencia,CHC,RP,RP,307.0017080307007
122,Luis Castillo,SEA,SP,SP,306.7455234527588
123,Ivan Herrera,STL,DH,Batter,306.244264920675
124,Andres Munoz,SEA,RP,RP,305.63697814941406
125,Jarren Duran,BOS,OF,Batter,305.3429902884419
126,Pablo Lopez,MIN,SP,SP,304.4523355960846
127,Tanner Bibee,CLE,SP,SP,304.19111144542694
128,Brandon Nimmo,TEX,OF,Batter,303.8017971125111
129,Marcus Semien,NYM,2B,Batter,303.5879975939809
130,Marcell Ozuna,ATL,DH,Batter,303.2090503442341
131,Daylen Lile,WSN,OF,Batter,302.84973320815885
132,Ernie Clement,TOR,3B/2B/SS,Batter,302.59937970410994
133,Michael King,SDP,SP,SP,302.4365804195404
134,Ranger Suarez,BOS,SP,SP,301.49692964553833
135,Kris Bubic,KCR,SP,SP,299.51483595371246
136,Riley Greene,DET,OF/DH,Batter,299.4333122119105
137,Drake Baldwin,ATL,C,Batter,299.3553434764121
138,Otto Lopez,MIA,SS/2B,Batter,298.974486427116
139,Carlos Correa,HOU,SS/3B,Batter,298.63095650066396
140,Chase Burns,CIN,SP,SP,297.9853458404541
141,Ezequiel Tovar,COL,SS,Batter,297.98263906758154
142,Nolan McLean,NYM,SP,SP,296.42361438274384
143,Heliot Ramos,SFG,OF,Batter,296.28655156975407
144,Spencer Torkelson,DET,1B,Batter,296.14253546249057
145,Luis Severino,ATH,SP,SP,296.0789850950241
146,Brandon Pfaadt,ARI,SP,SP,296.01938557624817
147,Bryson Stott,PHI,2B,Batter,295.9649194839271
148,Bubba Chandler,PIT,SP,SP,294.672908782959
149,Shohei Ohtani,LAD,SP,SP,293.94717383384705
150,James Wood,WSN,OF/DH,Batter,293.9177052428982
151,Christian Yelich,MIL,DH,Batter,293.78251150592484
152,Seiya Suzuki,CHC,OF/DH,Batter,293.72485970749244
153,Emilio Pagan,CIN,RP,RP,293.5665616989136
154,Mitch Keller,PIT,SP,SP,293.4240173101425
155,Austin Riley,ATL,3B,Batter,293.1087172642469
156,Adley Rutschman,BAL,C,Batter,293.03527738094857
157,Jakob Marsee,MIA,OF,Batter,292.8427777466832
158,Shea Langeliers,ATH,C,Batter,292.74334122119086
159,Miguel Vargas,CHW,3B/1B,Batter,292.4824930966752
160,Nolan Arenado,ARI,3B,Batter,291.98072018604773
161,Jacob Misiorowski,MIL,SP,SP,291.8659111261368
162,Jordan Westburg,BAL,3B,Batter,291.8272155849511
163,Michael Harris II,ATL,OF,Batter,291.7271321379489
164,Michael Busch,CHC,1B,Batter,291.13851255274824
165,CJ Abrams,WSN,SS,Batter,290.84977722079975
166,Yusei Kikuchi,LAA,SP,SP,290.1546632051468
167,Luis Garcia Jr.,WSN,2B,Batter,289.9166398800485
168,Xavier Edwards,MIA,2B/SS,Batter,289.37937730143364
169,Jacob Wilson,ATH,SS,Batter,288.90898590259053
170,Tyler Soderstrom,ATH,OF/1B,Batter,288.6865770824931
171,Ryne Nelson,ARI,SP,SP,288.21119689941406
172,Jeff Hoffman,TOR,RP,RP,288.10179924964905
173,Josh Bell,MIN,1B,Batter,287.2438007969288
174,Carlos Rodon,NYY,SP,SP,286.80753695964813
175,Xander Bogaerts,SDP,SS,Batter,286.5649980530958
176,Caleb Durbin,BOS,3B,Batter,286.3996708715688
177,Bryan Reynolds,PIT,OF/DH,Batter,286.1257506456666
178,J.P. Crawford,SEA,SS,Batter,285.8810976831859
179,Andy Pages,LAD,OF,Batter,285.765044400711
180,Matthew Boyd,CHC,SP,SP,285.01787090301514
181,Dansby Swanson,CHC,SS,Batter,284.3495938385919
182,Joey Cantillo,CLE,SP,SP,284.34955883026123
183,Jeff McNeil,ATH,2B/OF,Batter,283.46196327622215
184,Hunter Goodman,COL,C/DH,Batter,282.25386834007503
185,Jose Altuve,HOU,2B/OF/DH,Batter,281.984014627435
186,Max Meyer,MIA,SP,SP,281.0393215417862
187,Jazz Chisholm Jr.,NYY,2B/3B,Batter,279.3815526277877
188,Ryan Helsley,BAL,RP,RP,279.31028747558594
189,Nick Lodolo,CIN,SP,SP,278.4013968706131
190,Edward Cabrera,CHC,SP,SP,278.3909294605255
191,Yainer Diaz,HOU,C/DH,Batter,277.36750541846106
192,Andrew Abbott,CIN,SP,SP,276.96315813064575
193,Alejandro Kirk,TOR,C,Batter,276.01229711111665
194,TJ Friedl,CIN,OF,Batter,275.416409065677
195,Merrill Kelly,ARI,SP,SP,275.21193623542786
196,Brady Singer,CIN,SP,SP,273.94548058509827
197,Abner Uribe,MIL,RP,RP,273.66192626953125
198,Agustin Ramirez,MIA,C/DH,Batter,273.34534779034965
199,Raisel Iglesias,ATL,RP,RP,273.0917534828186
200,Willson Contreras,BOS,1B,Batter,272.3624114102424
201,Chris Bassitt,BAL,SP,SP,271.20044124126434
202,Lars Nootbaar,STL,LF,Batter,271.0059356648532
203,Carlos Estevez,KCR,RP,RP,269.88560473918915
204,Pete Fairbanks,MIA,RP,RP,269.5745153427124
205,Andrew Vaughn,MIL,1B,Batter,269.4779666206214
206,Paul Goldschmidt,NYY,1B,Batter,269.47576212689376
207,Dennis Santana,PIT,RP,RP,269.1564497947693
208,Luke Keaschall,MIN,2B,Batter,268.7903590804575
209,Cade Cavalli,WSN,SP,SP,268.7573127746582
210,Ryan Walker,SFG,RP,RP,267.8231316804886
211,Clay Holmes,NYM,SP,SP,267.48757219314575
212,Jorge Polanco,NYM,2B/DH,Batter,266.338801814121
213,Shane Smith,CHW,SP,SP,266.20761692523956
214,Oneil Cruz,PIT,OF,Batter,265.8040859911789
215,Sal Frelick,MIL,OF,Batter,265.53274311991595
216,Dustin May,STL,SP,SP,265.25544571876526
217,Chase Meidroth,CHW,SS,Batter,265.10666197247286
218,Will Smith,LAD,C,Batter,264.9024503674291
219,Braxton Ashcraft,PIT,SP,SP,264.3104792833328
220,Andrew Benintendi,CHW,OF/DH,Batter,263.91763762001113
221,Shota Imanaga,CHC,SP,SP,263.3871713876724
222,Quinn Priester,MIL,SP,SP,263.30710434913635
223,Wilyer Abreu,BOS,OF,Batter,262.90780012406003
224,Byron Buxton,MIN,OF,Batter,262.6461816754465
225,Brooks Lee,MIN,3B,Batter,261.55407692845694
226,Jeffrey Springs,ATH,SP,SP,261.49876499176025
227,Jake Burger,TEX,1B,Batter,261.4684068948543
228,Jake Cronenworth,SDP,2B,Batter,260.7180883347228
229,Kyle Stowers,MIA,OF,Batter,260.4909208727844
230,Daulton Varsho,TOR,OF,Batter,260.0383937927414
231,Andres Gimenez,TOR,2B,Batter,259.81807608502777
232,Jonathan India,KCR,2B/3B/OF/DH,Batter,259.33490705872515
233,Ceddanne Rafaela,BOS,OF/2B,Batter,259.2400135110822
234,Sean Manaea,NYM,SP,SP,257.5706932544708
235,Dylan Crews,WSN,OF,Batter,257.19325448742416
236,Ryan O'Hearn,PIT,1B/OF/DH,Batter,256.70221856921756
237,Isaac Paredes,HOU,3B,Batter,256.6607168901246
238,Bryce Miller,SEA,SP,SP,256.30701875686646
239,Griffin Jax,TBR,SP,SP,255.7524185180664
240,Kyle Manzardo,CLE,1B,Batter,255.68744500747303
241,Mike Trout,LAA,OF/DH,Batter,255.1536349594675
242,Trevor Rogers,BAL,SP,SP,254.9886293411255
243,Ryan Weathers,NYY,SP,SP,254.51277232170105
244,Kerry Carpenter,DET,OF/DH,Batter,253.2097674638951
245,Lawrence Butler,ATH,OF,Batter,253.10943160926266
246,Tyler Mahle,SFG,SP,SP,252.55924558639526
247,Brandon Lowe,PIT,2B,Batter,252.45067323542472
248,Joey Ortiz,MIL,SS,Batter,252.42121871104337
249,Noelvi Marte,CIN,OF/3B,Batter,252.05970828371196
250,Trent Grisham,NYY,OF,Batter,251.21732923373284
251,Jac Caglianone,KCR,RF,Batter,250.06291771581056
252,Jacob Lopez,ATH,SP,SP,249.8569324016571
253,Gabriel Moreno,ARI,C,Batter,248.69123142498808
254,Will Warren,NYY,SP,SP,248.57135009765625
255,Seranthony Dominguez,CHW,RP,RP,248.20085191726685
256,Christian Walker,HOU,1B,Batter,247.70342659117406
257,Gavin Sheets,SDP,LF,Batter,247.53073150544168
258,Edwin Uceta,TBR,RP,RP,247.12027645111084
259,Brenton Doyle,COL,OF,Batter,247.08832821927612
260,Taj Bradley,MIN,SP,SP,246.9877952337265
261,Colson Montgomery,CHW,SS,Batter,246.91702128683437
262,Eugenio Suarez,CIN,3B,Batter,246.60133494266975
263,Casey Mize,DET,SP,SP,245.19807124137878
264,Colt Keith,DET,2B/3B/DH,Batter,244.48153136257386
265,Mike Burrows,HOU,SP,SP,244.4082932472229
266,Mickey Moniak,COL,RF,Batter,244.22523425466696
267,Grant Taylor,CHW,SP,SP,243.85703659057617
268,Slade Cecconi,CLE,SP,SP,243.82260131835938
269,Chad Patrick,MIL,SP,SP,243.69231939315796
270,Victor Vodnik,COL,RP,RP,243.35707092285156
271,Nick Kurtz,ATH,1B,Batter,243.098645879492
272,Ramon Laureano,SDP,RF,Batter,242.41342179037377
273,Jameson Taillon,CHC,SP,SP,242.36977529525757
274,Teoscar Hernandez,LAD,OF,Batter,241.8465904470445
275,Addison Barger,TOR,3B/OF,Batter,240.73325777163134
276,Robert Garcia,TEX,RP,RP,240.6018295288086
277,Clayton Beeter,WSN,RP,RP,240.28185296058655
278,Cameron Schlittler,NYY,SP,SP,240.1377763748169
279,Jackson Holliday,BAL,2B,Batter,239.7938569531436
280,Adolis Garcia,PHI,OF,Batter,239.2647317925736
281,Brayan Bello,BOS,SP,SP,239.06770706176758
282,David Peterson,NYM,SP,SP,237.62911069393158
283,Luis Robert Jr.,NYM,OF,Batter,237.15009885672325
284,Trevor Megill,MIL,RP,RP,237.04952478408813
285,Lucas Giolito,BOS,SP,SP,236.45893514156342
286,Michael Wacha,KCR,SP,SP,235.55853605270386
287,Jack Leiter,TEX,SP,SP,234.80499958992004
288,Seth Lugo,KCR,SP,SP,234.7646951675415
289,Josh Jung,TEX,3B,Batter,234.33577607057313
290,Kyle Leahy,STL,SP,SP,234.01312518119812
291,Brad Lord,WSN,SP,SP,233.31583213806152
292,Kenley Jansen,DET,RP,RP,232.63808298110962
293,Zebby Matthews,MIN,SP,SP,232.10229969024658
294,Grant Holmes,ATL,SP,SP,231.74046325683594
295,Trevor Story,BOS,SS,Batter,231.64569057957047
296,Chandler Simpson,TBR,OF,Batter,230.29681848789826
297,Steven Matz,TBR,SP,SP,229.95168018341064
298,Logan Henderson,MIL,SP,SP,229.47904706001282
299,Nathan Lukes,TOR,RF,Batter,229.4035035162184
300,Ryan Jeffers,MIN,C,Batter,228.40127228322237
301,Justin Verlander,DET,SP,SP,227.63857913017273
302,Noah Cameron,KCR,SP,SP,227.53835678100586
303,Cristian Javier,HOU,SP,SP,226.47611117362976
304,Max Muncy,LAD,3B,Batter,226.43456370319512
305,Michael McGreevy,STL,SP,SP,225.99608945846558
306,Matt McLain,CIN,2B,Batter,225.76312972498158
307,Tommy Edman,LAD,2B/OF,Batter,225.48108632651477
308,Josh Smith,TEX,SS,Batter,225.39100580462696
309,Johan Oviedo,BOS,SP,SP,224.5682954788208
310,Spencer Horwitz,PIT,1B,Batter,223.83309149630156
311,Willi Castro,COL,LF,Batter,223.64885433491608
312,Adrian Houser,SFG,SP,SP,223.022616147995
313,Royce Lewis,MIN,3B,Batter,222.10389657557835
314,Jake Meyers,HOU,CF,Batter,221.95696113197255
315,Parker Messick,CLE,SP,SP,221.8638640642166
316,Matt Wallner,MIN,RF,Batter,221.55048500216517
317,Davis Martin,CHW,SP,SP,221.2957592010498
318,Brandon Marsh,PHI,CF,Batter,221.0929487325745
319,Colton Cowser,BAL,LF,Batter,220.9025085150129
320,Zack Littell,- - -,SP,SP,218.83259439468384
321,Wenceel Perez,DET,RF,Batter,218.7746545652537
322,Francisco Alvarez,NYM,C,Batter,218.39313067379305
323,Matthew Liberatore,STL,SP,SP,218.17883348464966
324,Shane Bieber,TOR,SP,SP,217.96396255493164
325,Mike Yastrzemski,ATL,RF,Batter,217.61809484937922
326,Garrett Cleavinger,TBR,RP,RP,217.40509748458862
327,Taylor Rogers,MIN,RP,RP,216.89783012866974
328,Jeremiah Estrada,SDP,RP,RP,216.51663827896118
329,Dean Kremer,BAL,SP,SP,216.03233921527863
330,Nick Martinez,TBR,SP,SP,215.89334774017334
331,Andre Pallante,STL,SP,SP,215.37189483642578
332,Robert Suarez,ATL,RP,RP,214.29459595680237
333,Brett Baty,NYM,3B,Batter,213.68175530341227
334,Bailey Ober,MIN,SP,SP,213.53155505657196
335,Dominic Canzone,SEA,RF,Batter,213.21822516334174
336,Cade Horton,CHC,SP,SP,213.1986927986145
337,Jared Triolo,PIT,SS,Batter,213.07973619151753
338,Kodai Senga,NYM,SP,SP,212.51350104808807
339,Jesus Sanchez,TOR,Unknown,Batter,211.53941403231343
340,Victor Scott II,STL,CF,Batter,211.28104627675648
341,Jordan Beck,COL,LF,Batter,210.93052514235552
342,Cedric Mullins,TBR,OF,Batter,210.8951092931819
343,Lenyn Sosa,CHW,2B,Batter,210.53253914530916
344,Bryan Abreu,HOU,RP,RP,210.52536010742188
345,Ke'Bryan Hayes,CIN,3B,Batter,209.47615135054724
346,J.T. Realmuto,PHI,C,Batter,209.44398755847052
347,Kyle Freeland,COL,SP,SP,208.59041047096252
348,Max Scherzer,TOR,SP,SP,208.53082883358002
349,Kyle Teel,CHW,C,Batter,208.20763840469124
350,Miguel Andujar,SDP,LF,Batter,208.08817523813073
351,Sean Burke,CHW,SP,SP,207.10231161117554
352,Anthony Volpe,NYY,SS,Batter,207.05356888454727
353,Riley O'Brien,STL,RP,RP,206.43837070465088
354,Brady House,WSN,3B,Batter,205.9351976222515
355,Jorge Soler,LAA,RF,Batter,205.34537176853976
356,Kevin Ginkel,ARI,RP,RP,205.14924144744873
357,Dillon Dingler,DET,C,Batter,204.96806776570313
358,Josh Lowe,LAA,RF,Batter,204.74514463020003
359,Alek Thomas,ARI,CF,Batter,204.31745072066238
360,Parker Meadows,DET,CF,Batter,203.8346569095972
361,Jose Berrios,TOR,SP,SP,202.44829654693604
362,Logan O'Hoppe,LAA,C,Batter,202.12672875689262
363,Mark Vientos,NYM,3B,Batter,201.27869002314742
364,JoJo Romero,STL,RP,RP,200.1005859375
365,Austin Hays,CHW,LF,Batter,199.6317643049468
366,Landen Roupp,SFG,SP,SP,199.03426456451416
367,Harrison Bader,SFG,LF,Batter,198.21197718268633
368,Michael Soroka,ARI,SP,SP,198.0747528076172
369,Evan Carter,TEX,CF,Batter,198.056103295783
370,Bo Naylor,CLE,C,Batter,197.14750887960346
371,Austin Wells,NYY,C,Batter,196.77541257515452
372,Cole Henry,WSN,RP,RP,196.25035095214844
373,Brayan Rocchio,CLE,SS,Batter,195.83060290679788
374,Nolan Gorman,STL,2B,Batter,195.53004575558225
375,Jordan Walker,STL,RF,Batter,195.23114405139165
376,Ryan McMahon,NYY,3B,Batter,194.01979094969224
377,Aaron Civale,ATH,SP,SP,193.53347885608673
378,Zach Eflin,BAL,SP,SP,193.50957870483398
379,Joc Pederson,TEX,1B,Batter,192.88243016967812
380,Patrick Bailey,SFG,C,Batter,192.8114172076192
381,Samuel Basallo,BAL,C,Batter,192.76652239077254
382,Simeon Woods Richardson,MIN,SP,SP,191.79098308086395
383,Michael Lorenzen,COL,SP,SP,191.70275139808655
384,Spencer Steer,CIN,SP,Batter,191.38794566724278
385,Garrett Whitlock,BOS,RP,RP,191.31909084320068
386,Adrian Morejon,SDP,RP,RP,190.52788639068604
387,Luke Weaver,NYM,RP,RP,190.50897598266602
388,Andrew Kittredge,BAL,RP,RP,190.47501349449158
389,Luis Morales,ATH,SP,SP,190.36458384990692
390,Tony Santillan,CIN,RP,RP,189.90943956375122
391,Connor Norby,MIA,3B,Batter,189.66961450440627
392,Trevor Larnach,MIN,RF,Batter,189.45329300615077
393,Kyle Isbel,KCR,CF,Batter,187.8565834842642
394,Tanner Scott,LAD,RP,RP,187.57653760910034
395,Roki Sasaki,LAD,SP,SP,187.27247619628906
396,Edgar Quero,CHW,C,Batter,187.02586193302943
397,Brooks Baldwin,CHW,LF,Batter,185.78545591573578
398,Hogan Harris,ATH,RP,RP,185.78253507614136
399,Nick Gonzales,PIT,2B,Batter,185.77154176614337
400,Chris Paddack,MIA,SP,SP,185.73585605621338
401,Tyler Freeman,COL,RF,Batter,185.64527010527965
402,Phil Maton,CHC,RP,RP,185.24733901023865
403,Pavin Smith,ARI,1B,Batter,184.04788255257301
404,Zach McKinstry,DET,3B,Batter,184.03036310783347
405,Eduardo Rodriguez,ARI,SP,SP,183.81091916561127
406,Freddy Fermin,SDP,C,Batter,183.28714497695432
407,Dylan Beavers,BAL,RF,Batter,183.2253140523899
408,Luis Rengifo,MIL,3B,Batter,182.33299931580066
409,Isaac Collins,KCR,LF,Batter,182.18954036402067
410,Tyler O'Neill,BAL,RF,Batter,181.87768847199058
411,Jose Alvarado,PHI,RP,RP,181.72837829589844
412,Will Vest,DET,RP,RP,181.640887260437
413,Jose A. Ferrer,SEA,RP,RP,181.6387960910797
414,Dylan Lee,ATL,RP,RP,181.47130036354065
415,Chase Dollander,COL,SP,SP,181.17308735847473
416,Luis Gil,NYY,SP,SP,181.15795040130615
417,Matt Svanson,STL,RP,RP,180.9658796787262
418,Jonah Heim,TEX,C,Batter,180.66630653454075
419,Fernando Cruz,NYY,RP,RP,180.47824144363403
420,Yimi Garcia,TOR,RP,RP,180.0096263885498
421,Mark Leiter Jr.,ATH,RP,RP,177.6327133178711
422,Alex Vesia,LAD,RP,RP,177.60594201087952
423,Randy Vasquez,SDP,SP,SP,177.37697112560272
424,Brad Keller,PHI,SP,SP,177.17514038085938
425,Matt Brash,SEA,RP,RP,176.85955142974854
426,Bryan Baker,TBR,RP,RP,176.4921531677246
427,Carson Kelly,CHC,C,Batter,176.49097219352944
428,Justin Sterner,ATH,SP,SP,176.33226883411407
429,Matt Strahm,KCR,RP,RP,176.15917873382568
430,Cole Young,SEA,2B,Batter,176.1152775115364
431,Jordan Leasure,CHW,SP,SP,175.52931213378906
432,Calvin Faucher,MIA,RP,RP,174.18849182128906
433,Victor Caratini,MIN,C,Batter,173.9956797618437
434,Andrew Alvarez,WSN,SP,SP,173.5467586517334
435,Kumar Rocker,TEX,SP,SP,173.0689821243286
436,Rhys Hoskins,MIL,1B,Batter,172.32516685637881
437,Bryan King,HOU,RP,RP,172.235675573349
438,Mauricio Dubon,ATL,2B,Batter,172.07778799978863
439,Louie Varland,TOR,SP,SP,171.99044919013977
440,Mike Vasil,CHW,SP,SP,171.93512296676636
441,Jimmy Herget,COL,RP,RP,171.9044361114502
442,Patrick Corbin,TEX,SP,SP,171.82770764827728
443,C.J. Kayfus,CLE,1B,Batter,171.79817921648635
444,Keibert Ruiz,WSN,C,Batter,171.54739622635458
445,Carlos Narvaez,BOS,C,Batter,171.07765886474044
446,Gregory Soto,PIT,RP,RP,170.59582912921906
447,Mick Abel,MIN,SP,SP,170.45530724525452
448,Christian Moore,LAA,2B,Batter,170.3974005681362
449,Giancarlo Stanton,NYY,DH,Batter,170.11119981865536
450,Hunter Gaddis,CLE,RP,RP,169.8686535358429
451,Shawn Armstrong,CLE,SP,SP,169.46397733688354
452,Jared Koenig,MIL,RP,RP,169.28197932243347
453,Lance McCullers Jr.,HOU,SP,SP,168.99063849449158
454,Ian Seymour,TBR,SP,SP,168.93082475662231
455,Keegan Akin,BAL,SP,SP,168.84708285331726
456,Kyle Harrison,MIL,SP,SP,168.68080472946167
457,Logan Allen,CLE,SP,SP,168.6296670436859
458,Tyler Rogers,TOR,RP,RP,168.15486907958984
459,Orion Kerkering,PHI,RP,RP,167.94285821914673
460,Erik Miller,SFG,RP,RP,167.82473802566528
461,Jacob Latz,TEX,SP,SP,167.57785892486572
462,Aaron Ashby,MIL,SP,SP,166.7247314453125
463,Gavin Lux,TBR,LF,Batter,166.545233363443
464,Bryce Elder,ATL,SP,SP,166.53609383106232
465,Eduard Bazardo,SEA,RP,RP,166.06584215164185
466,Cam Smith,HOU,RF,Batter,165.8905506546841
467,Spencer Schwellenbach,ATL,SP,SP,165.76784443855286
468,Cole Sands,MIN,SP,SP,165.72130012512207
469,Michael Massey,KCR,2B,Batter,164.63812020293258
470,Kirby Yates,LAA,RP,RP,163.92882537841797
471,Kyle Finnegan,DET,RP,RP,163.8136749267578
472,Juan Mejia,COL,RP,RP,162.8590064048767
473,Blake Treinen,LAD,RP,RP,162.53169107437134
474,Ryan Feltner,COL,SP,SP,162.3587144613266
475,Austin Martin,MIN,CF,Batter,162.304597401252
476,Gabriel Arias,CLE,SS,Batter,162.23186488342265
477,Jose Quintana,COL,SP,SP,161.20545029640198
478,Tyler Stephenson,CIN,C,Batter,160.8917479554061
479,Heriberto Hernandez,MIA,LF,Batter,160.68799169295193
480,Davis Schneider,TOR,LF,Batter,160.6366391238053
481,Griffin Canning,SDP,SP,SP,160.26880264282227
482,Jake McCarthy,COL,CF,Batter,160.02229304905552
483,Caleb Thielbar,CHC,RP,RP,159.43047332763672
484,Joel Peguero,SFG,RP,RP,159.18141174316406
485,Jonathan Cannon,CHW,SP,SP,158.77053594589233
486,Miles Mikolas,WSN,SP,SP,158.45168673992157
487,Drew Pomeranz,LAA,SP,SP,158.3306918144226
488,Yoan Moncada,LAA,3B,Batter,158.28746278964053
489,German Marquez,SDP,SP,SP,157.86114740371704
490,Tyler Anderson,LAA,SP,SP,156.85129237174988
491,Steven Okert,HOU,SP,SP,156.82930755615234
492,Lane Thomas,KCR,CF,Batter,154.0333819114063
493,Joe Boyle,TBR,SP,SP,153.91298151016235
494,Graham Ashcraft,CIN,RP,RP,153.1946268081665
495,Chris Martin,TEX,RP,RP,152.82535219192505
496,Kody Funderburk,MIN,RP,RP,152.73117911815643
497,Justin Topa,MIN,SP,SP,152.66719150543213
498,Lucas Erceg,KCR,RP,RP,152.59655737876892
499,Camilo Doval,NYY,RP,RP,152.40000915527344
500,Ryne Stanek,STL,RP,RP,152.3990306854248
501,Erik Sabrowski,CLE,RP,RP,152.02824354171753
502,Michael Conforto,LAD,LF,Batter,151.38086325880013
503,Cole Winn,TEX,RP,RP,151.19461679458618
504,Greg Weissert,BOS,RP,RP,151.14261424541473
505,Tyler Holton,DET,SP,SP,151.10351657867432
506,Hurston Waldrep,ATL,SP,SP,151.09008944034576
507,Mason Montgomery,PIT,RP,RP,150.51501846313477
508,Gabe Speier,SEA,RP,RP,150.08058166503906
509,Ha-seong Kim,ATL,SS,Batter,149.65024723234038
510,Ryan Zeferjahn,LAA,SP,SP,149.14564561843872
511,Dietrich Enns,BAL,SP,SP,149.05066061019897
512,Jake Fraley,TBR,RF,Batter,148.95912931383012
513,Jacob Young,WSN,CF,Batter,148.8504372174782
514,Rowdy Tellez,- - -,1B,Batter,148.70685641333068
515,Justin Slaten,BOS,RP,RP,148.4067268371582
516,Richard Fitts,STL,SP,SP,148.26389718055725
517,Victor Robles,SEA,RF,Batter,148.14097539508043
518,Carlos Santana,ARI,1B,Batter,147.96895857163642
519,Tommy Pham,PIT,LF,Batter,147.68763104079395
520,Ty France,- - -,1B,Batter,147.55801535072564
521,Tyler Kinley,ATL,RP,RP,147.22539234161377
522,Spencer Arrighetti,HOU,SP,SP,146.91814827919006
523,Taijuan Walker,PHI,SP,SP,146.82217049598694
524,Nathaniel Lowe,CIN,1B,Batter,146.48250731290224
525,Tyler Phillips,MIA,SP,SP,146.359534740448
526,Tyler Wells,BAL,SP,SP,146.2077659368515
527,Luisangel Acuna,CHW,2B,Batter,146.0661346891755
528,Spencer Bivens,SFG,RP,RP,145.42776107788086
529,Lourdes Gurriel Jr.,ARI,LF,Batter,145.08949829436293
530,Pierce Johnson,CIN,RP,RP,144.96625399589539
531,Isaac Mattson,PIT,RP,RP,144.61593627929688
532,PJ Poulin,WSN,RP,RP,144.43329513072968
533,Romy Gonzalez,BOS,1B,Batter,144.32756349715737
534,Sean Newcomb,CHW,SP,SP,143.9518631696701
535,Jose Butto,SFG,RP,RP,143.9202163219452
536,Hunter Dobbins,STL,SP,SP,143.90359497070312
537,Brooks Raley,NYM,RP,RP,143.6871838569641
538,Kade Strowd,ARI,RP,RP,143.54358291625977
539,Connor Phillips,CIN,RP,RP,143.41860961914062
540,Liam Hicks,MIA,C,Batter,143.11808981692855
541,Anthony Bender,MIA,RP,RP,143.01358830928802
542,Mike Tauchman,CHW,RF,Batter,142.61814843085847
543,Andrew McCutchen,PIT,RF,Batter,142.20063041074383
544,Janson Junk,MIA,SP,SP,142.008291721344
545,John Schreiber,KCR,RP,RP,141.82537841796875
546,Kody Clemens,MIN,2B,Batter,141.46172884680462
547,Marcelo Mayer,BOS,3B,Batter,141.20214975620843
548,Brock Burke,CIN,SP,SP,141.16681480407715
549,Elvis Alvarado,ATH,RP,RP,141.08226490020752
550,Caden Dana,LAA,SP,SP,140.81751108169556
551,Tomoyuki Sugano,COL,SP,SP,140.79468441009521
552,Jake Irvin,WSN,SP,SP,139.7667647600174
553,Jake Mangum,PIT,LF,Batter,139.7335771670831
554,Jake Bauers,MIL,1B,Batter,139.62027221246487
555,Jose Caballero,NYY,SS,Batter,139.14512269601633
556,Justin Steele,CHC,SP,SP,138.5539195537567
557,Walker Buehler,- - -,SP,SP,137.8375699520111
558,Randal Grichuk,- - -,RF,Batter,137.67349129590988
559,Ryan Thompson,ARI,RP,RP,137.16434478759766
560,Tanner Banks,PHI,SP,SP,136.07463264465332
561,David Morgan,SDP,SP,SP,135.97060656547546
562,Rico Garcia,BAL,SP,SP,135.69256782531738
563,Edouard Julien,COL,2B,Batter,135.5295086500913
564,Seth Halvorsen,COL,RP,RP,134.86001873016357
565,Nick Mears,KCR,RP,RP,134.64975500106812
566,Yohan Ramirez,PIT,RP,RP,134.35640335083008
567,Casey Schmitt,SFG,3B,Batter,134.17042436411614
568,Carson Williams,TBR,SS,Batter,133.401112832015
569,Denzel Clarke,ATH,CF,Batter,133.2176747684994
570,JJ Bleday,CIN,CF,Batter,133.1696790400188
571,Tyrone Taylor,NYM,CF,Batter,133.12780017107545
572,Yennier Cano,BAL,RP,RP,133.08851051330566
573,Anthony Banda,MIN,SP,SP,133.03209447860718
574,Javier Baez,DET,CF,Batter,132.76660545863334
575,Jordan Romano,LAA,RP,RP,132.75054705142975
576,Michael Kelly,ATH,RP,RP,132.73115825653076
577,Nick Castellanos,SDP,RF,Batter,132.27608277178774
578,Zack Kelly,BOS,RP,RP,131.30013275146484
579,Mason Englert,TBR,RP,RP,129.99786520004272
580,Matt Festa,CLE,RP,RP,129.96264791488647
581,Amed Rosario,NYY,3B,Batter,129.8584382769283
582,Danny Jansen,TEX,C,Batter,129.8116017050733
583,Miguel Amaya,CHC,C,Batter,129.75210441657683
584,Jakob Junis,TEX,RP,RP,129.68379306793213
585,Angel Zerpa,MIL,SP,SP,129.13668727874756
586,Javier Sanoja,MIA,2B,Batter,127.69679824781272
587,Luis Garcia,NYM,RP,RP,127.26153600215912
588,Caleb Ferguson,CIN,RP,RP,127.22682452201843
589,Jose Trevino,CIN,C,Batter,127.14354342040633
590,Tommy Nance,TOR,RP,RP,127.08006978034973
591,Carmen Mlodzinski,PIT,SP,SP,127.06083703041077
592,Christopher Morel,MIA,LF,Batter,126.97518214079223
593,Enyel De Los Santos,HOU,RP,RP,126.80514478683472
594,Thairo Estrada,COL,2B,Batter,126.35224136200645
595,Paul Blackburn,NYY,SP,SP,126.32275998592377
596,Joey Bart,PIT,C,Batter,126.0314970739231
597,Kyle Farmer,COL,2B,Batter,125.44571807515385
598,Nick Fortes,TBR,C,Batter,125.03579795493276
599,Colin Rea,CHC,SP,SP,125.03227531909943
600,Brendon Little,TOR,RP,RP,124.74711680412292
601,Jonathan Bowlan,PHI,SP,SP,124.69127464294434
602,Aaron Bummer,ATL,SP,SP,124.32211494445801
603,Thomas Saggese,STL,2B,Batter,123.6717885154342
604,Matt Vierling,DET,CF,Batter,123.50448269280828
605,Grant Anderson,MIL,RP,RP,122.90939140319824
606,Emerson Hancock,SEA,SP,SP,122.83888709545135
607,Erick Fedde,CHW,SP,SP,122.59854769706726
608,Huascar Brazoban,NYM,SP,SP,122.2132682800293
609,Matt Shaw,CHC,3B,Batter,122.16626440939329
610,Sean Murphy,ATL,C,Batter,121.48328384505076
611,Troy Melton,DET,SP,SP,120.92287254333496
612,Pedro Pages,STL,C,Batter,120.80288994105948
613,Jackson Rutledge,WSN,RP,RP,120.72688615322113
614,Graham Pauley,MIA,3B,Batter,120.7130909505146
615,Scott Barlow,ATH,SP,SP,120.70201659202576
616,Angel Martinez,CLE,CF,Batter,120.6851841054706
617,Tim Hill,NYY,RP,RP,120.28468370437622
618,Brandon Sproat,MIL,SP,SP,120.21643781661987
619,Tyler Alexander,TEX,SP,SP,120.08721661567688
620,Brant Hurter,DET,SP,SP,119.99088752269745
621,Dominic Smith,SFG,1B,Batter,119.76666225528578
622,Max Muncy,ATH,3B,Batter,119.07519169140083
623,Adam Frazier,- - -,2B,Batter,118.20803992699634
624,Cole Sulser,TBR,RP,RP,118.19727063179016
625,Jacob Webb,CHC,RP,RP,118.10268211364746
626,Hayden Birdsong,SFG,SP,SP,117.79068970680237
627,Ben Casparius,LAD,SP,SP,117.7606258392334
628,Cade Gibson,MIA,SP,SP,117.68370294570923
629,Reese Olson,DET,SP,SP,117.21727845668794
630,Taylor Clarke,ARI,RP,RP,117.21415424346924
631,Hoby Milner,CHC,RP,RP,117.20402765274048
632,Kyle Higashioka,TEX,C,Batter,117.09323601231608
633,Brent Suter,LAA,SP,SP,116.9904556274414
634,Jake Bird,NYY,RP,RP,116.79302942752838
635,Troy Johnston,COL,OF,Batter,116.77100237844735
636,Wandy Peralta,SDP,SP,SP,116.25160896778107
637,Taylor Walls,TBR,SS,Batter,116.143183624621
638,Brent Headrick,NYY,RP,RP,115.61417531967163
639,Jason Adam,SDP,RP,RP,115.40452027320862
640,Tim Herrin,CLE,RP,RP,115.19797086715698
641,Joel Payamps,ATL,RP,RP,115.12389528751373
642,Gordon Graceffo,STL,RP,RP,115.10628628730774
643,Luis Torrens,NYM,C,Batter,114.44703784584259
644,Eric Orze,MIN,RP,RP,114.40617275238037
645,Jack Dreyer,LAD,SP,SP,114.14161849021912
646,Jordan Hicks,CHW,SP,SP,114.02391338348389
647,Brennan Bernardino,COL,SP,SP,113.78863835334778
648,Braydon Fisher,TOR,SP,SP,113.48847770690918
649,Rob Refsnyder,SEA,RF,Batter,112.84796033420325
650,Michael A. Taylor,CHW,RF,Batter,112.34030133348877
651,Masataka Yoshida,BOS,LF,Batter,111.57969231286135
652,Brenan Hanifee,DET,RP,RP,111.46700620651245
653,Will Benson,CIN,LF,Batter,111.05810596019636
654,Ezequiel Duran,TEX,SS,Batter,110.62405576306985
655,Stephen Kolek,KCR,SP,SP,110.36817741394043
656,Carlos Vargas,SEA,RP,RP,110.31621932983398
657,Casey Legumina,SEA,SP,SP,110.0526385307312
658,Mitchell Parker,WSN,SP,SP,109.43569707870483
659,Yuki Matsui,SDP,RP,RP,108.98116946220398
660,Bennett Sousa,HOU,RP,RP,108.36029410362244
661,Enrique Hernandez,LAD,1B,Batter,108.33321903293927
662,Wilmer Flores,SFG,1B,Batter,108.12260140135118
663,Connor Brogdon,CLE,RP,RP,108.00865888595581
664,Justin Wrobleski,LAD,SP,SP,107.61027526855469
665,Logan Evans,SEA,SP,SP,107.48892182111739
666,Jasson Dominguez,NYY,OF,Batter,107.16859315831837
667,Starling Marte,NYM,LF,Batter,107.0269614264507
668,Ryan Yarbrough,NYY,SP,SP,105.90558516979218
669,J.T. Ginn,ATH,SP,SP,105.80097937583923
670,Porter Hodge,CHC,RP,RP,105.47806572914124
671,Antonio Senzatela,COL,SP,SP,105.23199367523193
672,Daniel Lynch IV,KCR,SP,SP,105.0501891374588
673,Brock Stewart,LAD,RP,RP,104.83607482910156
674,Ian Hamilton,ATL,SP,SP,104.56469988822937
675,Marcus Stroman,NYY,SP,SP,104.06373846530914
676,Blaze Alexander,BAL,SS,Batter,104.05438990795444
677,Eric Lauer,TOR,SP,SP,103.94130969047546
678,Brandon Eisert,CHW,SP,SP,103.56786704063416
679,Jose Tena,WSN,3B,Batter,103.29530288573598
680,Jose Fermin,LAA,RP,RP,103.0799207687378
681,Alex Verdugo,ATL,LF,Batter,103.04142483348363
682,Ryan Bergert,KCR,SP,SP,102.30425083637238
683,Ryan Pressly,CHC,RP,RP,102.22801307439805
684,Yoendrys Gomez,TBR,SP,SP,101.37761306762695
685,Miguel Rojas,LAD,2B,Batter,101.05459371366223
686,Ramon Urias,- - -,Unknown,Batter,100.97960172869627
687,Jaden Hill,COL,RP,RP,100.78737688064575
688,Matt Gage,SFG,SP,SP,100.74475193023682
689,Dane Myers,CIN,CF,Batter,100.68357520994864
690,Beau Brieske,DET,SP,SP,100.56355357170105
691,Steven Wilson,TBR,RP,RP,100.0614800453186
692,Oswald Peraza,LAA,3B,Batter,100.0045950274236
693,Henry Davis,PIT,C,Batter,98.4500170504603
694,Tobias Myers,NYM,SP,SP,98.37607097625732
695,Andrew Chafin,MIN,RP,RP,98.37087368965149
696,Isiah Kiner-Falefa,BOS,SS,Batter,97.26787273896213
697,Colby Thomas,ATH,RF,Batter,96.95754953776475
698,George Soriano,STL,RP,RP,96.48941111564636
699,Keider Montero,DET,SP,SP,95.59347009658813
700,Edmundo Sosa,PHI,2B,Batter,95.48429368612769
701,Travis Adams,MIN,SP,SP,95.27725541591644
702,Sam Haggerty,TEX,CF,Batter,94.45219671256511
703,Bailey Falter,KCR,SP,SP,94.42483806610107
704,A.J. Blubaugh,HOU,SP,SP,94.10666239261627
705,Drew Gilbert,SFG,CF,Batter,93.85786111440441
706,Cody Freeman,TEX,3B,Batter,93.77685500042529
707,Santiago Espinal,CIN,3B,Batter,92.96858812914085
708,Justin Wilson,BOS,RP,RP,92.92029023170471
709,JP Sears,SDP,SP,SP,92.59576261043549
710,Luke Raley,SEA,RF,Batter,92.23471834600265
711,Rob Zastryzny,MIL,SP,SP,92.11050033569336
712,Wikelman Gonzalez,CHW,RP,RP,92.04770469665527
713,Ben Brown,CHC,SP,SP,92.0472662448883
714,Andy Ibanez,ATH,Unknown,Batter,91.92439832621291
715,Hunter Feduccia,TBR,C,Batter,91.0434473576769
716,Danny Coulombe,- - -,SP,SP,90.9358081817627
717,Blake Perkins,MIL,CF,Batter,90.58854260797172
718,Lake Bachar,MIA,SP,SP,90.38014793395996
719,Ben Williamson,TBR,3B,Batter,88.96334880517338
720,Otto Kemp,PHI,1B,Batter,88.79963586063498
721,Robert Hassell III,WSN,CF,Batter,88.79938319346175
722,Justin Turner,CHC,1B,Batter,88.44893623365303
723,Alexander Canario,PIT,LF,Batter,88.19643696018427
724,Braxton Fulford,COL,C,Batter,87.88958798751362
725,Javier Assad,CHC,SP,SP,87.29727971553802
726,Ryan Gusto,MIA,SP,SP,87.27319633960724
727,Charlie Morton,- - -,SP,SP,86.95420455932617
728,Darell Hernaiz,ATH,3B,Batter,86.80888052365033
729,Bryce Teodosio,LAA,CF,Batter,86.61388562401245
730,Joey Wentz,ATL,SP,SP,86.33554553985596
731,Daniel Schneemann,CLE,2B,Batter,85.50266673165204
732,David Hamilton,MIL,2B,Batter,85.4569799770759
733,JT Brubaker,SFG,SP,SP,85.39847612380981
734,Tanner Gordon,COL,SP,SP,85.30072271823883
735,Christian Vazquez,MIN,C,Batter,84.660004517784
736,Jahmai Jones,DET,RF,Batter,84.62546684362981
737,John King,MIA,RP,RP,84.4068021774292
738,DL Hall,MIL,SP,SP,84.25222826004028
739,Bowden Francis,TOR,SP,SP,84.18961334228516
740,Triston Casas,BOS,1B,Batter,84.11217410741128
741,David Fry,CLE,1B,Batter,83.88666933741798
742,Adrian Del Castillo,ARI,C,Batter,83.61610262755751
743,Grant Wolfram,BAL,RP,RP,83.52966666221619
744,Connor Wong,BOS,C,Batter,83.47634224722324
745,Alex Call,LAD,RF,Batter,83.16473208898529
746,David Festa,MIN,SP,SP,82.93603277206421
747,Mason Fluharty,TOR,RP,RP,82.50332546234131
748,Steven Cruz,KCR,RP,RP,82.32964956760406
749,Jose Urena,- - -,SP,SP,81.47636103630066
750,Paxton Schultz,WSN,SP,SP,81.31633710861206
751,Tommy Kahnle,DET,RP,RP,81.16499376296997
752,Kyle Karros,COL,3B,Batter,80.50423106955648
753,Kyle Nicolas,PIT,RP,RP,80.22417187690735
754,Zach Agnos,COL,RP,RP,80.12320160865784
755,Jose Iglesias,SDP,2B,Batter,79.92578849132953
756,James McCann,ARI,C,Batter,79.72908430319934
757,Luis Urias,ATH,2B,Batter,79.54004613294975
758,Tyler Locklear,ARI,1B,Batter,79.41263143487525
759,Chad Green,TOR,RP,RP,79.2499008178711
760,Yohel Pozo,STL,C,Batter,78.95580107874103
761,Ryan Fernandez,STL,RP,RP,78.62586641311646
762,Ryan Ritter,COL,SS,Batter,78.6217877752465
763,Gio Urshela,ATH,3B,Batter,78.04469344744396
764,Chris Taylor,LAA,CF,Batter,77.92202908135816
765,Dylan Dodd,ATL,RP,RP,77.81363868713379
766,Travis d'Arnaud,LAA,C,Batter,77.56770373723906
767,Luke Jackson,- - -,RP,RP,77.33697843551636
768,Max Kepler,PHI,LF,Batter,77.2921870769185
769,Ryan Mountcastle,BAL,1B,Batter,76.40884215818708
770,Luis Matos,SFG,RF,Batter,76.39445493104178
771,Jon Berti,CHC,3B,Batter,76.33016531169315
772,Justyn-Henry Malloy,TBR,RF,Batter,76.14302231522163
773,Ryan Brasier,TEX,SP,SP,75.55944204330444
774,Oswaldo Cabrera,NYY,3B,Batter,74.4345987930212
775,Kevin Kelly,TBR,RP,RP,74.16379356384277
776,Jeremiah Jackson,BAL,2B,Batter,73.84283719407085
777,Mitch Garver,SEA,C,Batter,73.59022693551879
778,James Outman,MIN,CF,Batter,73.56452672541316
779,Tyler Ferguson,ATH,RP,RP,73.42900133132935
780,Jake Rogers,DET,C,Batter,72.7163182090805
781,Daysbel Hernandez,ATL,RP,RP,72.67186832427979
782,Colin Holderman,CLE,RP,RP,72.28896021842957
783,Myles Straw,TOR,CF,Batter,71.92065237713915
784,Alan Roden,MIN,LF,Batter,71.55666150344618
785,Corbin Burnes,ARI,SP,SP,71.26694571971893
786,Andre Granillo,WSN,RP,RP,70.51568531990051
787,Anthony Santander,TOR,OF/DH,Batter,69.8758542858792
788,Kai-Wei Teng,HOU,SP,SP,68.62603271007538
789,Andrew Saalfrank,ARI,RP,RP,68.21247100830078
790,Nick Loftin,KCR,LF,Batter,67.9634619651308
791,Gunnar Hoglund,ATH,SP,SP,67.40578436851501
792,Austin Slater,- - -,LF,Batter,67.11504330502518
793,Jonathan Loaisiga,ARI,RP,RP,67.07311820983887
794,Jackson Perkins,ATH,SP,SP,67.02660274505615
795,Jalen Beeks,ARI,SP,SP,67.01052618026733
796,Pierson Ohl,COL,SP,SP,66.5303726196289
797,Rafael Marchan,PHI,C,Batter,65.90310772357334
798,Mason Barnett,ATH,SP,SP,65.67595875263214
799,Jason Alexander,HOU,SP,SP,65.61356163024902
800,Adael Amador,COL,2B,Batter,65.46266589179602
801,Luis Mey,CIN,RP,RP,65.30973625183105
802,Colton Gordon,HOU,SP,SP,65.24948787689209
803,Chase Shugart,PHI,RP,RP,64.72243857383728
804,Leo Rivas,SEA,2B,Batter,64.65043432064468
805,Michael Helman,TEX,CF,Batter,64.64846912905992
806,LaMonte Wade Jr.,CHW,1B,Batter,64.37909758472942
807,Chris Murphy,CHW,RP,RP,63.72119855880737
808,Clarke Schmidt,NYY,SP,SP,63.66855442523956
809,Dalton Rushing,LAD,C,Batter,63.15486611203025
810,Hyeseong Kim,LAD,2B,Batter,62.602376814189455
811,Ronny Mauricio,NYM,3B,Batter,61.87780330061869
812,Chris Roycroft,STL,RP,RP,61.73975658416748
813,Tyler Heineman,TOR,C,Batter,61.453594213444894
814,Joey Lucchesi,SFG,RP,RP,61.20533049106598
815,Sawyer Gipson-Long,DET,SP,SP,60.79441571235657
816,Tristan Beck,SFG,SP,SP,60.48546028137207
817,Alek Jacob,SDP,RP,RP,60.05172312259674
818,Tim Tawa,ARI,2B,Batter,59.69243506557842
819,Yariel Rodriguez,TOR,SP,SP,59.200849533081055
820,Eric Wagaman,MIN,1B,Batter,58.664724796468654
821,Dan Altavilla,MIN,RP,RP,57.80327606201172
822,Trent Thornton,CHC,RP,RP,57.18983554840088
823,Michael Tonkin,MIN,RP,RP,55.78297257423401
824,Max Lazar,PHI,RP,RP,55.77578783035278
825,Will Wagner,SDP,3B,Batter,55.658132922724704
826,Joshua Palacios,CHW,RF,Batter,55.529504779773
827,John Rave,KCR,RF,Batter,55.389265214128535
828,Zack Gelof,ATH,2B,Batter,55.38555898368398
829,Sam Bachman,LAA,RP,RP,55.14482879638672
830,Juan Morillo,ARI,RP,RP,54.73004961013794
831,Chase Lee,TOR,RP,RP,54.468047857284546
832,Mark Canha,TEX,LF,Batter,52.83511480189484
833,Orlando Ribalta,WSN,RP,RP,52.77003073692322
834,Nick Allen,HOU,SS,Batter,51.41180464758756
835,DJ LeMahieu,NYY,2B,Batter,51.27489165956573
836,Nolan Jones,CLE,RF,Batter,51.004937731873795
837,Hayden Wesneski,HOU,SP,SP,50.933181047439575
838,Austin Wynns,ATH,C,Batter,50.66492927176795
839,Derek Hill,CHW,CF,Batter,50.20425101047503
840,Yerry De Los Santos,NYY,RP,RP,50.1537561416626
841,Carlos Carrasco,- - -,SP,SP,50.09146232604981
842,Alejandro Osuna,TEX,LF,Batter,49.58920955966497
843,Adam Mazur,MIA,SP,SP,48.893367886543274
844,Orlando Arcia,MIN,SS,Batter,48.82042565566903
845,Angel Chivilli,NYY,RP,RP,48.77111101150513
846,Warming Bernabel,WSN,3B,Batter,48.683503443110446
847,Reese McGuire,MIL,C,Batter,48.683212218317415
848,Ildemaro Vargas,ARI,2B,Batter,48.67455792696212
849,Justin Hagenman,NYM,SP,SP,48.559940576553345
850,Brandon Young,BAL,SP,SP,48.31885838508606
851,Kaleb Ort,LAA,RP,RP,48.062180042266846
852,Elias Diaz,SDP,C,Batter,47.86290340466188
853,Johan Rojas,PHI,CF,Batter,47.75479666003506
854,Nick Martini,COL,RF,Batter,47.47929838655708
855,Cade Povich,BAL,SP,SP,47.453725695610046
856,Kyle Hart,SDP,SP,SP,46.78341996669769
857,Kristian Campbell,BOS,2B,Batter,46.34243512567492
858,Carson Whisenhunt,SFG,SP,SP,46.11565458774567
859,Jacob Stallings,- - -,C,Batter,45.86408641463375
860,Rafael Montero,NYY,RP,RP,45.174591302871704
861,Christian Koss,SFG,2B,Batter,44.793871334464754
862,Gary Sanchez,BAL,C,Batter,44.68463955034177
863,Jorge Lopez,WSN,RP,RP,44.37428665161133
864,Chas McCormick,CHC,LF,Batter,44.186901524707935
865,Martin Perez,ATL,SP,SP,43.692100048065186
866,Eli White,ATL,RF,Batter,43.63543847820795
867,Trevor Williams,WSN,SP,SP,43.54496383666992
868,Hunter Renfroe,KCR,RF,Batter,43.404067569415446
869,Curtis Mead,CHW,1B,Batter,41.54114447950295
870,Cionel Perez,WSN,RP,RP,41.122557640075684
871,Landon Knack,LAD,SP,SP,40.97333526611328
872,Brandon Waddell,NYM,SP,SP,40.86145683526993
873,Lou Trivino,PHI,SP,SP,40.68846607208252
874,Hector Neris,KCR,RP,RP,40.656121015548706
875,Dylan Moore,PHI,2B,Batter,40.53684557638519
876,Martin Maldonado,SDP,C,Batter,40.46270847210032
877,Nick Sogard,BOS,1B,Batter,40.23628985778299
878,Austin Hedges,CLE,C,Batter,40.05390168756357
879,Lyon Richardson,CIN,RP,RP,39.98005819320679
880,Felix Bautista,BAL,RP,RP,39.801475524902344
881,Cooper Hummel,- - -,LF,Batter,39.67152959195872
882,Jack Suwinski,PIT,RF,Batter,38.89144087620573
883,Dane Dunning,SEA,RP,RP,38.651185154914856
884,Andruw Monasterio,BOS,SS,Batter,38.556957621645026
885,Jorge Alcala,TOR,RP,RP,38.06891345977783
886,Carson Palmquist,COL,SP,SP,37.81158447265625
887,Tyler Gilbert,CHW,SP,SP,37.69265103340149
888,Mitch Farris,LAA,SP,SP,37.588202714920044
889,Joey Loperfido,HOU,LF,Batter,37.493790340319336
890,Scott Blewett,STL,SP,SP,37.182522773742676
891,Tyler Fitzgerald,SFG,2B,Batter,36.69619801155502
892,Zach Dezenzo,HOU,LF,Batter,36.67436149262424
893,Trey Sweeney,DET,SS,Batter,36.09935945046903
894,Bryse Wilson,PHI,SP,SP,35.18012714385986
895,Christian Encarnacion-Strand,CIN,1B,Batter,34.65377940124836
896,Carlos Hernandez,CLE,RP,RP,34.31485080718994
897,Zach Brzykcy,WSN,RP,RP,34.21604359149933
898,Dylan Carlson,CHC,LF,Batter,33.73206432206663
899,Riley Adams,WSN,C,Batter,33.64914429992542
900,Josh Rojas,KCR,3B,Batter,33.61779901039163
901,Max Schuemann,NYY,3B,Batter,33.167063439504304
902,Ryan Borucki,CHW,RP,RP,32.771610736846924
903,Manuel Rodriguez,TBR,RP,RP,32.57460403442383
904,Genesis Cabrera,PHI,RP,RP,31.679445266723633
905,Grant Holman,ARI,SP,SP,31.352869987487793
906,Jack Kochanowicz,LAA,SP,SP,31.18571138381958
907,Nacho Alvarez Jr.,ATL,SS,Batter,30.67202269718855
908,Carson Seymour,SFG,SP,SP,29.708139419555664
909,Osvaldo Bido,NYY,SP,SP,28.63594627380371
910,Kyren Paris,LAA,2B,Batter,28.281791024486832
911,Ronel Blanco,HOU,SP,SP,28.211031198501587
912,Leody Taveras,BAL,OF,Batter,27.48846862356585
913,Paul DeJong,NYY,3B,Batter,27.449388405572517
914,Kyle Backhus,PHI,RP,RP,27.391870498657227
915,Brandon Lockridge,MIL,LF,Batter,27.198527003492785
916,McCade Brown,COL,SP,SP,26.739012479782104
917,Michael Toglia,CIN,1B,Batter,26.101481797304285
918,Josh Simpson,MIA,RP,RP,26.066463708877563
919,Austin Gomber,TEX,SP,SP,26.00719928741455
920,Coby Mayo,BAL,1B,Batter,25.972631767794706
921,Mitch Spence,KCR,SP,SP,25.588512420654297
922,Brendan Rodgers,BOS,2B,Batter,25.468394764811958
923,Bradley Blalock,MIA,SP,SP,24.47403311729431
924,Kameron Misner,KCR,CF,Batter,24.404682399675103
925,Konnor Pilkington,DET,RP,RP,23.934251308441162
926,Ryan Rolison,CHC,SP,SP,23.884424209594727
927,Drew Waters,KCR,LF,Batter,23.26731075889486
928,Collin Snider,CHC,RP,RP,22.519731760025024
929,Miles Mastrobuoni,SEA,3B,Batter,22.294739659856905
930,Hunter Strickland,LAA,RP,RP,21.991337060928345
931,Joe Ross,ARI,SP,SP,21.65725326538086
932,John Brebbia,COL,RP,RP,20.675410270690918
933,Abraham Toro,KCR,1B,Batter,19.969924842698674
934,Kolby Allard,CLE,SP,SP,19.858816623687744
935,Taylor Trammell,HOU,LF,Batter,18.52585841987419
936,Yanquiel Fernandez,NYY,RF,Batter,17.937138130357763
937,Tyler Wade,TEX,2B,Batter,17.466403204081708
938,Mickey Gasper,BOS,2B,Batter,16.84073436513568
939,Cam Booser,TBR,RP,RP,15.827850341796875
940,Matt Mervis,WSN,1B,Batter,14.688991647631246
941,Enmanuel Valdez,PIT,1B,Batter,14.350851718518546
942,Alex Jackson,MIN,C,Batter,14.327146539274237
943,Weston Wilson,BAL,LF,Batter,14.0481651804078
944,Shinnosuke Ogasawara,WSN,SP,SP,13.992019653320312
945,Heston Kjerstad,BAL,LF,Batter,13.364755234423138
946,Jonatan Clase,TOR,LF,Batter,13.354531516809724
947,Ben Rortvedt,NYM,C,Batter,12.83709019685678
948,Willie MacIver,TEX,C,Batter,12.64307433969575
949,Jhonkensy Noel,BAL,RF,Batter,12.204330422123851
950,Matt Bowman,MIN,RP,RP,12.120626449584961
951,AJ Smith-Shawver,ATL,SP,SP,11.37367033958435
952,Donovan Solano,- - -,1B,Batter,11.126181636701345
953,Jonah Bride,TEX,3B,Batter,10.621985995863389
954,Valente Bellozo,COL,SP,SP,10.138195037841797
955,Kevin Newman,KCR,3B,Batter,10.079517626443671
956,Cal Quantrill,TEX,SP,SP,9.305070042610168
957,Yu Darvish,SDP,SP,SP,9.266188325508832
958,Jose Herrera,TEX,RP,Batter,9.263045921575557
959,Tylor Megill,NYM,SP,SP,9.195382753431797
960,Luis L. Ortiz,CLE,SP,SP,8.243960108982323
961,Brandon Walter,HOU,SP,SP,7.629992594203949
962,Tanner Houck,BOS,SP,SP,7.610274812221527
963,Frankie Montas,NYM,SP,SP,7.513194165577888
964,Tony Gonsolin,LAD,SP,SP,7.298899488060474
965,Nestor Cortes,- - -,SP,SP,7.177013264107704
966,Jackson Jobe,DET,SP,SP,6.667043671064377
967,Anthony DeSclafani,ARI,SP,SP,6.5862924025297165
968,Andrew Heaney,- - -,SP,SP,6.227680206631422
969,Clayton Kershaw,LAD,SP,SP,6.219269971079826
970,Kyle Hendricks,LAA,SP,SP,6.094613285803795
971,Connor Gillispie,MIA,SP,SP,6.025207889263631
972,Emmanuel Rivera,BAL,3B,Batter,5.869944376890571
973,Caleb Boushley,TEX,SP,SP,5.724731633344889
974,Ben Lively,CLE,SP,SP,5.432993617949486
975,Matt Sauer,LAD,SP,SP,5.404056285762787
976,Vinny Capra,BOS,3B,Batter,5.202452482932001
977,Thomas Hatch,ARI,SP,SP,5.161765190099477
978,Nabil Crismatt,TEX,SP,SP,5.093593758637906
979,Chris Flexen,CHC,SP,SP,4.877896898345948
980,Matt Thaiss,BOS,C,Batter,4.7247606297438205
981,Anthony Molina,ATL,SP,SP,4.5201503515434265
982,Jake Woodford,TBR,RP,RP,4.51601907721281
983,Easton Lucas,TOR,SP,SP,4.298691488623619
984,Bryce Jarvis,ARI,RP,RP,4.281729929357767
985,Anthony Veneziano,- - -,SP,SP,4.001167891392708
986,Carson Fulmer,LAA,RP,RP,3.8872072191452984
987,Ronny Henriquez,MIA,RP,RP,2.9879237572050092
988,Randy Rodriguez,SFG,RP,RP,2.68755176653862
989,Max Kranick,NYM,RP,RP,2.6329710735476017
990,Shawn Dubin,ARI,RP,RP,2.544967814280987
991,Austin Cox,ATL,SP,SP,2.456949287707806
992,Reed Garrett,NYM,SP,SP,2.304642750837803
993,Shelby Miller,CHC,RP,RP,2.0565346173954007
994,John Curtiss,ARI,RP,RP,2.0177189835941793
995,Nic Enright,TOR,RP,RP,1.952483196258545
996,Eduardo Salazar,WSN,RP,RP,1.9345745183479788
997,Sean Reynolds,SDP,SP,SP,1.9031273976087573
998,Emmanuel Clase,CLE,RP,RP,1.8641309357447624
999,Chris Stratton,- - -,RP,RP,1.8308155780756474
1000,Jose Castillo,- - -,RP,RP,1.8154279259467125
1001,Sam Long,KCR,RP,RP,1.6605006273651122
1002,Tayler Scott,ATL,RP,RP,1.4969708442866803
1003,Ian Gibaut,CIN,RP,RP,1.3353588834500314
