Overall_Rank,Name,Team,Position,Projected_Fpoints,External_Rank,Rank_Diff,In_ESPN
1,Tarik Skubal,DET,SP,528.7463340759277,5.0,4.0,True
2,Juan Soto,NYM,OF,518.9670399864713,4.0,2.0,True
3,Garrett Crochet,BOS,SP,500.1884362697601,7.0,4.0,True
4,Aaron Judge,NYY,OF/DH,495.3059224705269,2.0,-2.0,True
5,Shohei Ohtani,LAD,DH/SP,470.7851430131132,1.0,-4.0,True
6,Jose Ramirez,CLE,3B/DH,462.16611855822,6.0,0.0,True
7,Bobby Witt Jr.,KCR,SS,454.1452051600599,8.0,1.0,True
8,Hunter Greene,CIN,SP,448.0817482471466,31.0,23.0,True
9,Paul Skenes,PIT,SP,438.2446780204773,3.0,-6.0,True
10,Cole Ragans,KCR,SP,435.93080472946167,41.0,31.0,True
11,Dylan Cease,TOR,SP,431.8912196159363,61.0,50.0,True
12,Vladimir Guerrero Jr.,TOR,1B/DH,418.2797477695271,29.0,17.0,True
13,Bryan Woo,SEA,SP,414.21199798583984,16.0,3.0,True
14,Kyle Tucker,LAD,OF,413.2574121170676,9.0,-5.0,True
15,Jacob deGrom,TEX,SP,409.590961933136,42.0,27.0,True
16,Cristopher Sanchez,PHI,SP,401.3373532295227,19.0,3.0,True
17,Fernando Tatis Jr.,SDP,OF,395.381185954171,17.0,0.0,True
18,Ketel Marte,ARI,2B/DH,395.1789986732753,13.0,-5.0,True
19,Chris Sale,ATL,SP,388.6525049209595,28.0,9.0,True
20,Gunnar Henderson,BAL,SS,384.8284585486944,27.0,7.0,True
21,Vinnie Pasquantino,KCR,1B/DH,384.5467729484664,120.0,99.0,True
22,Mookie Betts,LAD,SS,383.34030783928256,51.0,29.0,True
23,Logan Gilbert,SEA,SP,382.0238287448883,14.0,-9.0,True
24,Maikel Garcia,KCR,3B,376.37321128558494,103.0,79.0,True
25,Geraldo Perdomo,ARI,SS,376.10139160876304,70.0,45.0,True
26,Corbin Carroll,ARI,OF,374.5321553200057,11.0,-15.0,True
27,Francisco Lindor,NYM,SS,374.47434541846167,21.0,-6.0,True
28,Jesus Luzardo,PHI,SP,373.3243350982666,45.0,17.0,True
29,Sonny Gray,BOS,SP,369.8830232620239,64.0,35.0,True
30,Hunter Brown,HOU,SP,369.0141398906708,24.0,-6.0,True
31,Max Fried,NYY,SP,368.82273387908936,22.0,-9.0,True
32,Logan Webb,SFG,SP,366.06432127952576,15.0,-17.0,True
33,Joe Ryan,MIN,SP,362.7622485160828,34.0,1.0,True
34,Yordan Alvarez,HOU,OF/DH,359.9349703504675,39.0,5.0,True
35,Ronald Acuna Jr.,ATL,OF,359.6033277735813,32.0,-3.0,True
36,Edwin Diaz,LAD,RP,359.5653929710388,35.0,-1.0,True
37,Alex Bregman,CHC,3B,358.13893837623255,30.0,-7.0,True
38,Zack Wheeler,PHI,SP,357.95690155029297,68.0,30.0,True
39,Kyle Schwarber,PHI,DH,357.05612153761194,18.0,-21.0,True
40,Josh Naylor,SEA,1B/DH,355.8505378141573,102.0,62.0,True
41,Drew Rasmussen,TBR,SP,354.83418130874634,163.0,122.0,True
42,Pete Alonso,BAL,1B,354.22069746211133,81.0,39.0,True
43,Mason Miller,SDP,RP,353.7283043861389,33.0,-10.0,True
44,Yandy Diaz,TBR,1B/DH,352.44857300676176,221.0,177.0,True
45,Julio Rodriguez,SEA,OF,351.65457099629856,23.0,-22.0,True
46,Kyle Bradish,BAL,SP,350.04939699172974,73.0,27.0,True
47,Junior Caminero,TBR,3B,349.9557549456303,20.0,-27.0,True
48,Nico Hoerner,CHC,2B,346.11045014165194,48.0,0.0,True
49,George Springer,TOR,OF/DH,344.69363958453823,63.0,14.0,True
50,Alec Burleson,STL,OF/1B/DH,344.5331380039717,168.0,118.0,True
51,Emmet Sheehan,LAD,SP,344.4331169128418,128.0,77.0,True
52,Nick Pivetta,SDP,SP,344.10837745666504,52.0,0.0,True
53,Brent Rooker,ATH,OF/DH,343.9607995327243,43.0,-10.0,True
54,Corey Seager,TEX,SS,343.90567891122896,115.0,61.0,True
55,Matt Olson,ATL,1B,342.9658318528552,69.0,14.0,True
56,Blake Snell,LAD,SP,342.5884323120117,58.0,2.0,True
57,Cal Raleigh,SEA,C/DH,342.4179678723146,12.0,-45.0,True
58,Robbie Ray,SFG,SP,341.9300348758697,161.0,103.0,True
59,George Kirby,SEA,SP,341.56734025478363,50.0,-9.0,True
60,Jackson Merrill,SDP,OF,341.4663345896861,60.0,0.0,True
61,Brandon Woodruff,MIL,SP,341.39970326423645,86.0,25.0,True
62,Freddie Freeman,LAD,1B,341.09734894387134,97.0,35.0,True
63,Steven Kwan,CLE,OF,340.2546242921044,57.0,-6.0,True
64,Jurickson Profar,ATL,OF,339.3593975550947,116.0,52.0,True
65,Gleyber Torres,DET,2B,339.07857339078714,107.0,42.0,True
66,Framber Valdez,DET,SP,338.7680469751358,38.0,-28.0,True
67,Rafael Devers,SFG,1B/DH,337.64568058136086,92.0,25.0,True
68,Manny Machado,SDP,3B,336.4980241884836,25.0,-43.0,True
69,Eury Perez,MIA,SP,335.44996905326843,114.0,45.0,True
70,William Contreras,MIL,C/DH,334.9288449751583,37.0,-33.0,True
71,Nathan Eovaldi,TEX,SP,334.3062152862549,77.0,6.0,True
72,Jack Flaherty,DET,SP,333.6614999771118,147.0,75.0,True
73,Cade Smith,CLE,RP,332.95607805252075,40.0,-33.0,True
74,Devin Williams,NYM,RP,331.02117919921875,56.0,-18.0,True
75,Sandy Alcantara,MIA,SP,330.261372089386,165.0,90.0,True
76,Freddy Peralta,NYM,SP,329.3478524684906,26.0,-50.0,True
77,Luis Arraez,SFG,1B/DH,329.0561448672331,294.0,217.0,True
78,Josh Hader,HOU,RP,328.1697716712952,44.0,-34.0,True
79,Bo Bichette,NYM,SS,328.02762355462585,133.0,54.0,True
80,Aroldis Chapman,BOS,RP,327.8364133834839,65.0,-15.0,True
81,Ryan Pepiot,TBR,SP,327.1666650772095,76.0,-5.0,True
82,Brice Turang,MIL,2B,327.00702564335984,88.0,6.0,True
83,Cody Bellinger,NYY,OF,325.4487891965183,47.0,-36.0,True
84,Shane Baz,BAL,SP,323.8208808898926,182.0,98.0,True
85,Trea Turner,PHI,SS,323.77652043700743,94.0,9.0,True
86,Jeremy Pena,HOU,SS,323.659963405968,148.0,62.0,True
87,Randy Arozarena,SEA,OF,322.0669311646439,100.0,13.0,True
88,Nolan Schanuel,LAA,1B,321.3896488738066,300.0,212.0,False
89,Ben Rice,NYY,1B/C/DH,320.54592366912414,66.0,-23.0,True
90,David Bednar,NYY,RP,319.9366888999939,67.0,-23.0,True
91,Reid Detmers,LAA,RP,319.4946479797363,236.0,145.0,True
92,Jhoan Duran,PHI,RP,319.3642635345459,46.0,-46.0,True
93,Yoshinobu Yamamoto,LAD,SP,318.53604388237,10.0,-83.0,True
94,Jung Hoo Lee,SFG,OF,317.7773873183844,195.0,101.0,True
95,Spencer Strider,ATL,SP,317.44617199897766,85.0,-10.0,True
96,Jackson Chourio,MIL,OF,317.4265162341956,49.0,-47.0,True
97,Elly De La Cruz,CIN,SS,317.32492640373283,54.0,-43.0,True
98,Gavin Williams,CLE,SP,317.29197120666504,132.0,34.0,True
99,Aaron Nola,PHI,SP,316.0919919013977,180.0,81.0,True
100,Kevin Gausman,TOR,SP,315.85836029052734,62.0,-38.0,True
101,Bryce Harper,PHI,1B,315.78960273326123,89.0,-12.0,True
102,Willy Adames,SFG,SS,315.66346588531115,141.0,39.0,True
103,Pete Crow-Armstrong,CHC,OF,315.4471493738711,75.0,-28.0,True
104,Ian Happ,CHC,OF,313.87743526811033,111.0,7.0,True
105,Jose Soriano,LAA,SP,313.76985931396484,235.0,130.0,True
106,Salvador Perez,KCR,C/1B/DH,313.7189632066913,118.0,12.0,True
107,Brendan Donovan,SEA,2B,313.67814202430674,167.0,60.0,True
108,Jo Adell,LAA,OF,313.67730630106445,177.0,69.0,True
109,Tyler Glasnow,LAD,SP,312.2787046432495,104.0,-5.0,True
110,Alec Bohm,PHI,3B,312.077410285731,179.0,69.0,True
111,Zach Neto,LAA,SS,311.77167241400707,188.0,77.0,True
112,Jonathan Aranda,TBR,1B,311.0377155252941,300.0,188.0,False
113,Ozzie Albies,ATL,2B,310.2834115394264,83.0,-30.0,True
114,Roman Anthony,BOS,OF,309.6141412274418,78.0,-36.0,True
115,Taylor Ward,BAL,OF,308.70885575980293,106.0,-9.0,True
116,Zac Gallen,ARI,SP,308.5249837636948,135.0,19.0,True
117,Matt Chapman,SFG,3B,308.4695661357591,108.0,-9.0,True
118,Masyn Winn,STL,SS,308.3667587446619,300.0,182.0,False
119,MacKenzie Gore,TEX,SP,307.7291896343231,154.0,35.0,True
120,Wyatt Langford,TEX,OF,307.3919354934558,79.0,-41.0,True
121,Daniel Palencia,CHC,RP,307.0017080307007,136.0,15.0,True
122,Luis Castillo,SEA,SP,306.7455234527588,93.0,-29.0,True
123,Ivan Herrera,STL,DH,306.2442649206751,262.0,139.0,True
124,Andres Munoz,SEA,RP,305.63697814941406,36.0,-88.0,True
125,Jarren Duran,BOS,OF,305.342990288442,53.0,-72.0,True
126,Pablo Lopez,MIN,SP,304.4523355960846,110.0,-16.0,True
127,Tanner Bibee,CLE,SP,304.19111144542694,122.0,-5.0,True
128,Brandon Nimmo,TEX,OF,303.8017971125111,91.0,-37.0,True
129,Marcus Semien,NYM,2B,303.58799759398084,126.0,-3.0,True
130,Marcell Ozuna,ATL,DH,303.2090503442341,227.0,97.0,True
131,Daylen Lile,WSN,OF,302.84973320815885,214.0,83.0,True
132,Ernie Clement,TOR,3B/2B/SS,302.5993797041099,220.0,88.0,True
133,Michael King,SDP,SP,302.4365804195404,137.0,4.0,True
134,Ranger Suarez,BOS,SP,301.4969296455384,140.0,6.0,True
135,Kris Bubic,KCR,SP,299.51483595371246,189.0,54.0,True
136,Riley Greene,DET,OF/DH,299.4333122119105,109.0,-27.0,True
137,Drake Baldwin,ATL,C,299.3553434764121,101.0,-36.0,True
138,Otto Lopez,MIA,SS/2B,298.97448642711606,210.0,72.0,True
139,Carlos Correa,HOU,SS/3B,298.630956500664,272.0,133.0,True
140,Chase Burns,CIN,SP,297.9853458404541,99.0,-41.0,True
141,Ezequiel Tovar,COL,SS,297.98263906758143,300.0,159.0,False
142,Nolan McLean,NYM,SP,296.42361438274384,152.0,10.0,True
143,Heliot Ramos,SFG,OF,296.28655156975407,263.0,120.0,True
144,Spencer Torkelson,DET,1B,296.14253546249057,258.0,114.0,True
145,Luis Severino,ATH,SP,296.0789850950241,300.0,155.0,False
146,Brandon Pfaadt,ARI,SP,296.01938557624817,300.0,154.0,False
147,Bryson Stott,PHI,2B,295.9649194839271,146.0,-1.0,True
148,Bubba Chandler,PIT,SP,294.672908782959,197.0,49.0,True
149,Shohei Ohtani,LAD,SP,293.94717383384705,1.0,-148.0,True
150,James Wood,WSN,OF/DH,293.9177052428982,98.0,-52.0,True
151,Christian Yelich,MIL,DH,293.78251150592484,80.0,-71.0,True
152,Seiya Suzuki,CHC,OF/DH,293.72485970749244,87.0,-65.0,True
153,Emilio Pagan,CIN,RP,293.5665616989136,113.0,-40.0,True
154,Mitch Keller,PIT,SP,293.4240173101425,251.0,97.0,True
155,Austin Riley,ATL,3B,293.1087172642469,59.0,-96.0,True
156,Adley Rutschman,BAL,C,293.03527738094857,112.0,-44.0,True
157,Jakob Marsee,MIA,OF,292.8427777466832,176.0,19.0,True
158,Shea Langeliers,ATH,C,292.743341221191,84.0,-74.0,True
159,Miguel Vargas,CHW,3B/1B,292.4824930966752,212.0,53.0,True
160,Nolan Arenado,ARI,3B,291.98072018604773,240.0,80.0,True
161,Jacob Misiorowski,MIL,SP,291.8659111261368,124.0,-37.0,True
162,Jordan Westburg,BAL,3B,291.8272155849512,151.0,-11.0,True
163,Michael Harris II,ATL,OF,291.72713213794884,156.0,-7.0,True
164,Michael Busch,CHC,1B,291.13851255274835,271.0,107.0,True
165,CJ Abrams,WSN,SS,290.8497772207997,183.0,18.0,True
166,Yusei Kikuchi,LAA,SP,290.1546632051468,205.0,39.0,True
167,Luis Garcia Jr.,WSN,2B,289.9166398800485,162.0,-5.0,True
168,Xavier Edwards,MIA,2B/SS,289.37937730143364,181.0,13.0,True
169,Jacob Wilson,ATH,SS,288.90898590259053,164.0,-5.0,True
170,Tyler Soderstrom,ATH,OF/1B,288.6865770824931,125.0,-45.0,True
171,Ryne Nelson,ARI,SP,288.21119689941406,246.0,75.0,True
172,Jeff Hoffman,TOR,RP,288.10179924964905,117.0,-55.0,True
173,Josh Bell,MIN,1B,287.2438007969288,300.0,127.0,False
174,Carlos Rodon,NYY,SP,286.80753695964813,204.0,30.0,True
175,Xander Bogaerts,SDP,SS,286.56499805309574,233.0,58.0,True
176,Caleb Durbin,BOS,3B,286.3996708715688,166.0,-10.0,True
177,Bryan Reynolds,PIT,OF/DH,286.12575064566664,153.0,-24.0,True
178,J.P. Crawford,SEA,SS,285.88109768318594,300.0,122.0,False
179,Andy Pages,LAD,OF,285.76504440071113,139.0,-40.0,True
180,Matthew Boyd,CHC,SP,285.01787090301514,155.0,-25.0,True
181,Dansby Swanson,CHC,SS,284.3495938385919,215.0,34.0,True
182,Joey Cantillo,CLE,SP,284.34955883026123,297.0,115.0,True
183,Jeff McNeil,ATH,2B/OF,283.4619632762221,277.0,94.0,True
184,Hunter Goodman,COL,C/DH,282.253868340075,160.0,-24.0,True
185,Jose Altuve,HOU,2B/OF/DH,281.98401462743504,55.0,-130.0,True
186,Max Meyer,MIA,SP,281.0393215417862,300.0,114.0,False
187,Jazz Chisholm Jr.,NYY,2B/3B,279.3815526277877,74.0,-113.0,True
188,Ryan Helsley,BAL,RP,279.31028747558594,121.0,-67.0,True
189,Nick Lodolo,CIN,SP,278.4013968706131,134.0,-55.0,True
190,Edward Cabrera,CHC,SP,278.3909294605255,193.0,3.0,True
191,Yainer Diaz,HOU,C/DH,277.3675054184611,123.0,-68.0,True
192,Andrew Abbott,CIN,SP,276.9631581306457,169.0,-23.0,True
193,Alejandro Kirk,TOR,C,276.01229711111665,208.0,15.0,True
194,TJ Friedl,CIN,OF,275.41640906567693,225.0,31.0,True
195,Merrill Kelly,ARI,SP,275.21193623542786,174.0,-21.0,True
196,Brady Singer,CIN,SP,273.94548058509827,224.0,28.0,True
197,Abner Uribe,MIL,RP,273.66192626953125,158.0,-39.0,True
198,Agustin Ramirez,MIA,C/DH,273.3453477903496,127.0,-71.0,True
199,Raisel Iglesias,ATL,RP,273.0917534828186,72.0,-127.0,True
200,Willson Contreras,BOS,1B,272.36241141024243,300.0,100.0,False
201,Chris Bassitt,BAL,SP,271.20044124126434,267.0,66.0,True
202,Lars Nootbaar,STL,LF,271.0059356648532,300.0,98.0,False
203,Carlos Estevez,KCR,RP,269.88560473918915,90.0,-113.0,True
204,Pete Fairbanks,MIA,RP,269.5745153427124,105.0,-99.0,True
205,Andrew Vaughn,MIL,1B,269.4779666206214,300.0,95.0,False
206,Paul Goldschmidt,NYY,1B,269.4757621268937,300.0,94.0,False
207,Dennis Santana,PIT,RP,269.1564497947693,196.0,-11.0,True
208,Luke Keaschall,MIN,2B,268.7903590804575,144.0,-64.0,True
209,Cade Cavalli,WSN,SP,268.7573127746582,300.0,91.0,False
210,Ryan Walker,SFG,RP,267.8231316804886,170.0,-40.0,True
211,Clay Holmes,NYM,SP,267.4875721931457,275.0,64.0,True
212,Jorge Polanco,NYM,2B/DH,266.33880181412104,194.0,-18.0,True
213,Shane Smith,CHW,SP,266.2076169252396,264.0,51.0,True
214,Oneil Cruz,PIT,OF,265.80408599117885,159.0,-55.0,True
215,Sal Frelick,MIL,OF,265.53274311991595,191.0,-24.0,True
216,Dustin May,STL,SP,265.25544571876526,300.0,84.0,False
217,Chase Meidroth,CHW,SS,265.10666197247286,300.0,83.0,False
218,Will Smith,LAD,C,264.9024503674291,96.0,-122.0,True
219,Braxton Ashcraft,PIT,SP,264.3104792833328,300.0,81.0,False
220,Andrew Benintendi,CHW,OF/DH,263.91763762001113,299.0,79.0,True
221,Shota Imanaga,CHC,SP,263.3871713876724,171.0,-50.0,True
222,Quinn Priester,MIL,SP,263.30710434913635,300.0,78.0,False
223,Wilyer Abreu,BOS,OF,262.90780012406,232.0,9.0,True
224,Byron Buxton,MIN,OF,262.6461816754465,129.0,-95.0,True
225,Brooks Lee,MIN,3B,261.554076928457,300.0,75.0,False
226,Jeffrey Springs,ATH,SP,261.49876499176025,300.0,74.0,False
227,Jake Burger,TEX,1B,261.46840689485435,300.0,73.0,False
228,Jake Cronenworth,SDP,2B,260.7180883347228,226.0,-2.0,True
229,Kyle Stowers,MIA,OF,260.4909208727844,211.0,-18.0,True
230,Daulton Varsho,TOR,OF,260.0383937927414,219.0,-11.0,True
231,Andres Gimenez,TOR,2B,259.8180760850277,300.0,69.0,False
232,Jonathan India,KCR,2B/3B/OF/DH,259.3349070587252,286.0,54.0,True
233,Ceddanne Rafaela,BOS,OF/2B,259.2400135110822,178.0,-55.0,True
234,Sean Manaea,NYM,SP,257.5706932544708,269.0,35.0,True
235,Dylan Crews,WSN,OF,257.19325448742416,288.0,53.0,True
236,Ryan O'Hearn,PIT,1B/OF/DH,256.7022185692176,229.0,-7.0,True
237,Isaac Paredes,HOU,3B,256.6607168901246,138.0,-99.0,True
238,Bryce Miller,SEA,SP,256.30701875686646,209.0,-29.0,True
239,Griffin Jax,TBR,SP,255.7524185180664,143.0,-96.0,True
240,Kyle Manzardo,CLE,1B,255.68744500747297,300.0,60.0,False
241,Mike Trout,LAA,OF/DH,255.15363495946744,257.0,16.0,True
242,Trevor Rogers,BAL,SP,254.9886293411255,173.0,-69.0,True
243,Ryan Weathers,NYY,SP,254.51277232170105,300.0,57.0,False
244,Kerry Carpenter,DET,OF/DH,253.2097674638951,228.0,-16.0,True
245,Lawrence Butler,ATH,OF,253.10943160926263,242.0,-3.0,True
246,Tyler Mahle,SFG,SP,252.5592455863953,300.0,54.0,False
247,Brandon Lowe,PIT,2B,252.4506732354248,157.0,-90.0,True
248,Joey Ortiz,MIL,SS,252.42121871104345,300.0,52.0,False
249,Noelvi Marte,CIN,OF/3B,252.059708283712,200.0,-49.0,True
250,Trent Grisham,NYY,OF,251.21732923373293,270.0,20.0,True
251,Jac Caglianone,KCR,RF,250.06291771581067,300.0,49.0,False
252,Jacob Lopez,ATH,SP,249.8569324016571,300.0,48.0,False
253,Gabriel Moreno,ARI,C,248.691231424988,253.0,0.0,True
254,Will Warren,NYY,SP,248.57135009765625,300.0,46.0,False
255,Seranthony Dominguez,CHW,RP,248.20085191726685,222.0,-33.0,True
256,Christian Walker,HOU,1B,247.70342659117415,247.0,-9.0,True
257,Gavin Sheets,SDP,LF,247.53073150544168,300.0,43.0,False
258,Edwin Uceta,TBR,RP,247.12027645111084,172.0,-86.0,True
259,Brenton Doyle,COL,OF,247.08832821927612,296.0,37.0,True
260,Taj Bradley,MIN,SP,246.9877952337265,300.0,40.0,False
261,Colson Montgomery,CHW,SS,246.91702128683428,300.0,39.0,False
262,Eugenio Suarez,CIN,3B,246.60133494266972,119.0,-143.0,True
263,Casey Mize,DET,SP,245.1980712413788,249.0,-14.0,True
264,Colt Keith,DET,2B/3B/DH,244.48153136257383,230.0,-34.0,True
265,Mike Burrows,HOU,SP,244.4082932472229,300.0,35.0,False
266,Mickey Moniak,COL,RF,244.22523425466696,300.0,34.0,False
267,Grant Taylor,CHW,SP,243.85703659057617,280.0,13.0,True
268,Slade Cecconi,CLE,SP,243.82260131835935,300.0,32.0,False
269,Chad Patrick,MIL,SP,243.692319393158,300.0,31.0,False
270,Victor Vodnik,COL,RP,243.3570709228516,300.0,30.0,False
271,Nick Kurtz,ATH,1B,243.098645879492,82.0,-189.0,True
272,Ramon Laureano,SDP,RF,242.41342179037375,300.0,28.0,False
273,Jameson Taillon,CHC,SP,242.3697752952576,300.0,27.0,False
274,Teoscar Hernandez,LAD,OF,241.8465904470445,150.0,-124.0,True
275,Addison Barger,TOR,3B/OF,240.73325777163137,289.0,14.0,True
276,Robert Garcia,TEX,RP,240.6018295288086,207.0,-69.0,True
277,Clayton Beeter,WSN,RP,240.28185296058652,300.0,23.0,False
278,Cameron Schlittler,NYY,SP,240.1377763748169,142.0,-136.0,True
279,Jackson Holliday,BAL,2B,239.79385695314363,130.0,-149.0,True
280,Adolis Garcia,PHI,OF,239.26473179257363,248.0,-32.0,True
281,Brayan Bello,BOS,SP,239.0677070617676,268.0,-13.0,True
282,David Peterson,NYM,SP,237.6291106939316,285.0,3.0,True
283,Luis Robert Jr.,NYM,OF,237.15009885672328,245.0,-38.0,True
284,Trevor Megill,MIL,RP,237.0495247840881,95.0,-189.0,True
285,Lucas Giolito,BOS,SP,236.45893514156344,300.0,15.0,False
286,Michael Wacha,KCR,SP,235.55853605270383,290.0,4.0,True
287,Jack Leiter,TEX,SP,234.80499958992004,244.0,-43.0,True
288,Seth Lugo,KCR,SP,234.7646951675415,282.0,-6.0,True
289,Josh Jung,TEX,3B,234.3357760705731,300.0,11.0,False
290,Kyle Leahy,STL,SP,234.0131251811981,300.0,10.0,False
291,Brad Lord,WSN,SP,233.31583213806152,300.0,9.0,False
292,Kenley Jansen,DET,RP,232.6380829811096,131.0,-161.0,True
293,Zebby Matthews,MIN,SP,232.10229969024655,300.0,7.0,False
294,Grant Holmes,ATL,SP,231.74046325683597,300.0,6.0,False
295,Trevor Story,BOS,SS,231.64569057957047,218.0,-77.0,True
296,Chandler Simpson,TBR,OF,230.29681848789824,201.0,-95.0,True
297,Steven Matz,TBR,SP,229.95168018341064,265.0,-32.0,True
298,Logan Henderson,MIL,SP,229.4790470600128,274.0,-24.0,True
299,Nathan Lukes,TOR,RF,229.40350351621845,300.0,1.0,False
300,Ryan Jeffers,MIN,C,228.4012722832224,300.0,0.0,False
301,Justin Verlander,DET,SP,227.63857913017276,300.0,-1.0,False
302,Noah Cameron,KCR,SP,227.53835678100583,217.0,-85.0,True
303,Cristian Javier,HOU,SP,226.47611117362976,300.0,-3.0,False
304,Max Muncy,LAD,3B,226.43456370319515,186.0,-118.0,True
305,Michael McGreevy,STL,SP,225.9960894584656,300.0,-5.0,False
306,Matt McLain,CIN,2B,225.76312972498164,259.0,-47.0,True
307,Tommy Edman,LAD,2B/OF,225.48108632651477,287.0,-20.0,True
308,Josh Smith,TEX,SS,225.39100580462696,300.0,-8.0,False
309,Johan Oviedo,BOS,SP,224.5682954788208,300.0,-9.0,False
310,Spencer Horwitz,PIT,1B,223.83309149630165,300.0,-10.0,False
311,Willi Castro,COL,LF,223.64885433491617,300.0,-11.0,False
312,Adrian Houser,SFG,SP,223.022616147995,300.0,-12.0,False
313,Royce Lewis,MIN,3B,222.10389657557843,175.0,-138.0,True
314,Jake Meyers,HOU,CF,221.9569611319726,300.0,-14.0,False
315,Parker Messick,CLE,SP,221.8638640642166,300.0,-15.0,False
316,Matt Wallner,MIN,RF,221.5504850021652,300.0,-16.0,False
317,Davis Martin,CHW,SP,221.2957592010498,300.0,-17.0,False
318,Brandon Marsh,PHI,CF,221.09294873257457,300.0,-18.0,False
319,Colton Cowser,BAL,LF,220.90250851501293,300.0,-19.0,False
320,Zack Littell,- - -,SP,218.83259439468384,300.0,-20.0,False
321,Wenceel Perez,DET,RF,218.77465456525368,300.0,-21.0,False
322,Francisco Alvarez,NYM,C,218.393130673793,300.0,-22.0,False
323,Matthew Liberatore,STL,SP,218.1788334846497,300.0,-23.0,False
324,Shane Bieber,TOR,SP,217.96396255493164,145.0,-179.0,True
325,Mike Yastrzemski,ATL,RF,217.6180948493792,300.0,-25.0,False
326,Garrett Cleavinger,TBR,RP,217.40509748458865,254.0,-72.0,True
327,Taylor Rogers,MIN,RP,216.8978301286697,300.0,-27.0,False
328,Jeremiah Estrada,SDP,RP,216.5166382789612,203.0,-125.0,True
329,Dean Kremer,BAL,SP,216.03233921527865,300.0,-29.0,False
330,Nick Martinez,TBR,SP,215.8933477401733,300.0,-30.0,False
331,Andre Pallante,STL,SP,215.37189483642575,300.0,-31.0,False
332,Robert Suarez,ATL,RP,214.2945959568024,185.0,-147.0,True
333,Brett Baty,NYM,3B,213.6817553034123,300.0,-33.0,False
334,Bailey Ober,MIN,SP,213.531555056572,206.0,-128.0,True
335,Dominic Canzone,SEA,RF,213.2182251633417,300.0,-35.0,False
336,Cade Horton,CHC,SP,213.1986927986145,192.0,-144.0,True
337,Jared Triolo,PIT,SS,213.07973619151755,300.0,-37.0,False
338,Kodai Senga,NYM,SP,212.51350104808807,239.0,-99.0,True
339,Jesus Sanchez,TOR,Unknown,211.5394140323133,300.0,-39.0,False
340,Victor Scott II,STL,CF,211.28104627675643,300.0,-40.0,False
341,Jordan Beck,COL,LF,210.9305251423555,300.0,-41.0,False
342,Cedric Mullins,TBR,OF,210.8951092931819,291.0,-51.0,True
343,Lenyn Sosa,CHW,2B,210.5325391453091,300.0,-43.0,False
344,Bryan Abreu,HOU,RP,210.52536010742188,149.0,-195.0,True
345,Ke'Bryan Hayes,CIN,3B,209.47615135054727,300.0,-45.0,False
346,J.T. Realmuto,PHI,C,209.44398755847047,300.0,-46.0,False
347,Kyle Freeland,COL,SP,208.59041047096247,300.0,-47.0,False
348,Max Scherzer,TOR,SP,208.53082883358,300.0,-48.0,False
349,Kyle Teel,CHW,C,208.20763840469124,300.0,-49.0,False
350,Miguel Andujar,SDP,LF,208.0881752381307,300.0,-50.0,False
351,Sean Burke,CHW,SP,207.10231161117557,300.0,-51.0,False
352,Anthony Volpe,NYY,SS,207.0535688845472,300.0,-52.0,False
353,Riley O'Brien,STL,RP,206.43837070465088,241.0,-112.0,True
354,Brady House,WSN,3B,205.93519762225145,300.0,-54.0,False
355,Jorge Soler,LAA,RF,205.3453717685397,300.0,-55.0,False
356,Kevin Ginkel,ARI,RP,205.14924144744876,300.0,-56.0,False
357,Dillon Dingler,DET,C,204.96806776570315,300.0,-57.0,False
358,Josh Lowe,LAA,RF,204.7451446302,300.0,-58.0,False
359,Alek Thomas,ARI,CF,204.31745072066235,300.0,-59.0,False
360,Parker Meadows,DET,CF,203.8346569095972,300.0,-60.0,False
361,Jose Berrios,TOR,SP,202.44829654693604,300.0,-61.0,False
362,Logan O'Hoppe,LAA,C,202.12672875689265,300.0,-62.0,False
363,Mark Vientos,NYM,3B,201.27869002314745,300.0,-63.0,False
364,JoJo Romero,STL,RP,200.1005859375,252.0,-112.0,True
365,Austin Hays,CHW,LF,199.63176430494687,300.0,-65.0,False
366,Landen Roupp,SFG,SP,199.03426456451416,300.0,-66.0,False
367,Harrison Bader,SFG,LF,198.21197718268635,300.0,-67.0,False
368,Michael Soroka,ARI,SP,198.0747528076172,300.0,-68.0,False
369,Evan Carter,TEX,CF,198.05610329578303,300.0,-69.0,False
370,Bo Naylor,CLE,C,197.14750887960355,300.0,-70.0,False
371,Austin Wells,NYY,C,196.7754125751545,300.0,-71.0,False
372,Cole Henry,WSN,RP,196.25035095214844,300.0,-72.0,False
373,Brayan Rocchio,CLE,SS,195.83060290679788,300.0,-73.0,False
374,Nolan Gorman,STL,2B,195.53004575558225,300.0,-74.0,False
375,Jordan Walker,STL,RF,195.23114405139165,300.0,-75.0,False
376,Ryan McMahon,NYY,3B,194.01979094969224,300.0,-76.0,False
377,Aaron Civale,ATH,SP,193.53347885608676,300.0,-77.0,False
378,Zach Eflin,BAL,SP,193.509578704834,300.0,-78.0,False
379,Joc Pederson,TEX,1B,192.88243016967817,300.0,-79.0,False
380,Patrick Bailey,SFG,C,192.8114172076192,300.0,-80.0,False
381,Samuel Basallo,BAL,C,192.7665223907725,256.0,-125.0,True
382,Simeon Woods Richardson,MIN,SP,191.79098308086395,300.0,-82.0,False
383,Michael Lorenzen,COL,SP,191.70275139808652,300.0,-83.0,False
384,Spencer Steer,CIN,SP,191.38794566724272,300.0,-84.0,False
385,Garrett Whitlock,BOS,RP,191.31909084320068,213.0,-172.0,True
386,Adrian Morejon,SDP,RP,190.52788639068604,250.0,-136.0,True
387,Luke Weaver,NYM,RP,190.508975982666,231.0,-156.0,True
388,Andrew Kittredge,BAL,RP,190.4750134944916,273.0,-115.0,True
389,Luis Morales,ATH,SP,190.3645838499069,300.0,-89.0,False
390,Tony Santillan,CIN,RP,189.9094395637512,298.0,-92.0,True
391,Connor Norby,MIA,3B,189.66961450440624,300.0,-91.0,False
392,Trevor Larnach,MIN,RF,189.4532930061508,300.0,-92.0,False
393,Kyle Isbel,KCR,CF,187.85658348426423,300.0,-93.0,False
394,Tanner Scott,LAD,RP,187.57653760910037,237.0,-157.0,True
395,Roki Sasaki,LAD,SP,187.27247619628903,292.0,-103.0,True
396,Edgar Quero,CHW,C,187.02586193302935,300.0,-96.0,False
397,Brooks Baldwin,CHW,LF,185.78545591573572,300.0,-97.0,False
398,Hogan Harris,ATH,RP,185.78253507614136,300.0,-98.0,False
399,Nick Gonzales,PIT,2B,185.7715417661433,300.0,-99.0,False
400,Chris Paddack,MIA,SP,185.73585605621335,300.0,-100.0,False
401,Tyler Freeman,COL,RF,185.6452701052796,300.0,-101.0,False
402,Phil Maton,CHC,RP,185.24733901023865,279.0,-123.0,True
403,Pavin Smith,ARI,1B,184.047882552573,300.0,-103.0,False
404,Zach McKinstry,DET,3B,184.03036310783347,300.0,-104.0,False
405,Eduardo Rodriguez,ARI,SP,183.81091916561127,300.0,-105.0,False
406,Freddy Fermin,SDP,C,183.28714497695432,300.0,-106.0,False
407,Dylan Beavers,BAL,RF,183.2253140523899,300.0,-107.0,False
408,Luis Rengifo,MIL,3B,182.3329993158007,300.0,-108.0,False
409,Isaac Collins,KCR,LF,182.18954036402067,300.0,-109.0,False
410,Tyler O'Neill,BAL,RF,181.87768847199055,300.0,-110.0,False
411,Jose Alvarado,PHI,RP,181.72837829589844,300.0,-111.0,False
412,Will Vest,DET,RP,181.640887260437,198.0,-214.0,True
413,Jose A. Ferrer,SEA,RP,181.6387960910797,283.0,-130.0,True
414,Dylan Lee,ATL,RP,181.47130036354065,300.0,-114.0,False
415,Chase Dollander,COL,SP,181.17308735847476,300.0,-115.0,False
416,Luis Gil,NYY,SP,181.15795040130612,300.0,-116.0,False
417,Matt Svanson,STL,RP,180.9658796787262,300.0,-117.0,False
418,Jonah Heim,TEX,C,180.66630653454072,300.0,-118.0,False
419,Fernando Cruz,NYY,RP,180.47824144363403,300.0,-119.0,False
420,Yimi Garcia,TOR,RP,180.0096263885498,300.0,-120.0,False
421,Mark Leiter Jr.,ATH,RP,177.6327133178711,300.0,-121.0,False
422,Alex Vesia,LAD,RP,177.60594201087952,300.0,-122.0,False
423,Randy Vasquez,SDP,SP,177.37697112560272,300.0,-123.0,False
424,Brad Keller,PHI,SP,177.17514038085938,295.0,-129.0,True
425,Matt Brash,SEA,RP,176.85955142974854,234.0,-191.0,True
426,Bryan Baker,TBR,RP,176.4921531677246,300.0,-126.0,False
427,Carson Kelly,CHC,C,176.4909721935295,300.0,-127.0,False
428,Justin Sterner,ATH,SP,176.33226883411407,300.0,-128.0,False
429,Matt Strahm,KCR,RP,176.15917873382568,293.0,-136.0,True
430,Cole Young,SEA,2B,176.11527751153642,300.0,-130.0,False
431,Jordan Leasure,CHW,SP,175.52931213378906,243.0,-188.0,True
432,Calvin Faucher,MIA,RP,174.18849182128906,300.0,-132.0,False
433,Victor Caratini,MIN,C,173.99567976184375,300.0,-133.0,False
434,Andrew Alvarez,WSN,SP,173.5467586517334,300.0,-134.0,False
435,Kumar Rocker,TEX,SP,173.0689821243286,300.0,-135.0,False
436,Rhys Hoskins,MIL,1B,172.32516685637876,300.0,-136.0,False
437,Bryan King,HOU,RP,172.235675573349,300.0,-137.0,False
438,Mauricio Dubon,ATL,2B,172.07778799978863,300.0,-138.0,False
439,Louie Varland,TOR,SP,171.99044919013977,300.0,-139.0,False
440,Mike Vasil,CHW,SP,171.93512296676636,300.0,-140.0,False
441,Jimmy Herget,COL,RP,171.9044361114502,300.0,-141.0,False
442,Patrick Corbin,TEX,SP,171.82770764827728,300.0,-142.0,False
443,C.J. Kayfus,CLE,1B,171.79817921648632,300.0,-143.0,False
444,Keibert Ruiz,WSN,C,171.54739622635458,300.0,-144.0,False
445,Carlos Narvaez,BOS,C,171.07765886474044,300.0,-145.0,False
446,Gregory Soto,PIT,RP,170.59582912921906,300.0,-146.0,False
447,Mick Abel,MIN,SP,170.45530724525452,300.0,-147.0,False
448,Christian Moore,LAA,2B,170.3974005681362,300.0,-148.0,False
449,Giancarlo Stanton,NYY,DH,170.1111998186554,300.0,-149.0,False
450,Hunter Gaddis,CLE,RP,169.8686535358429,300.0,-150.0,False
451,Shawn Armstrong,CLE,SP,169.46397733688354,300.0,-151.0,False
452,Jared Koenig,MIL,RP,169.28197932243347,300.0,-152.0,False
453,Lance McCullers Jr.,HOU,SP,168.99063849449158,300.0,-153.0,False
454,Ian Seymour,TBR,SP,168.93082475662231,284.0,-170.0,True
455,Keegan Akin,BAL,SP,168.84708285331726,300.0,-155.0,False
456,Kyle Harrison,MIL,SP,168.68080472946167,300.0,-156.0,False
457,Logan Allen,CLE,SP,168.6296670436859,300.0,-157.0,False
458,Tyler Rogers,TOR,RP,168.15486907958984,300.0,-158.0,False
459,Orion Kerkering,PHI,RP,167.94285821914673,300.0,-159.0,False
460,Erik Miller,SFG,RP,167.82473802566528,300.0,-160.0,False
461,Jacob Latz,TEX,SP,167.57785892486572,300.0,-161.0,False
462,Aaron Ashby,MIL,SP,166.7247314453125,300.0,-162.0,False
463,Gavin Lux,TBR,LF,166.54523336344295,300.0,-163.0,False
464,Bryce Elder,ATL,SP,166.53609383106232,300.0,-164.0,False
465,Eduard Bazardo,SEA,RP,166.06584215164185,300.0,-165.0,False
466,Cam Smith,HOU,RF,165.89055065468406,300.0,-166.0,False
467,Spencer Schwellenbach,ATL,SP,165.76784443855286,71.0,-396.0,True
468,Cole Sands,MIN,SP,165.72130012512207,300.0,-168.0,False
469,Michael Massey,KCR,2B,164.6381202029326,300.0,-169.0,False
470,Kirby Yates,LAA,RP,163.92882537841797,276.0,-194.0,True
471,Kyle Finnegan,DET,RP,163.8136749267578,216.0,-255.0,True
472,Juan Mejia,COL,RP,162.8590064048767,300.0,-172.0,False
473,Blake Treinen,LAD,RP,162.53169107437134,300.0,-173.0,False
474,Ryan Feltner,COL,SP,162.3587144613266,300.0,-174.0,False
475,Austin Martin,MIN,CF,162.30459740125204,300.0,-175.0,False
476,Gabriel Arias,CLE,SS,162.23186488342262,300.0,-176.0,False
477,Jose Quintana,COL,SP,161.20545029640198,300.0,-177.0,False
478,Tyler Stephenson,CIN,C,160.8917479554061,300.0,-178.0,False
479,Heriberto Hernandez,MIA,LF,160.68799169295193,300.0,-179.0,False
480,Davis Schneider,TOR,LF,160.63663912380537,300.0,-180.0,False
481,Griffin Canning,SDP,SP,160.2688026428223,300.0,-181.0,False
482,Jake McCarthy,COL,CF,160.02229304905552,300.0,-182.0,False
483,Caleb Thielbar,CHC,RP,159.43047332763672,300.0,-183.0,False
484,Joel Peguero,SFG,RP,159.18141174316406,300.0,-184.0,False
485,Jonathan Cannon,CHW,SP,158.77053594589233,300.0,-185.0,False
486,Miles Mikolas,WSN,SP,158.45168673992157,300.0,-186.0,False
487,Drew Pomeranz,LAA,SP,158.3306918144226,300.0,-187.0,False
488,Yoan Moncada,LAA,3B,158.2874627896405,300.0,-188.0,False
489,German Marquez,SDP,SP,157.86114740371704,300.0,-189.0,False
490,Tyler Anderson,LAA,SP,156.85129237174988,300.0,-190.0,False
491,Steven Okert,HOU,SP,156.82930755615234,300.0,-191.0,False
492,Lane Thomas,KCR,CF,154.0333819114063,300.0,-192.0,False
493,Joe Boyle,TBR,SP,153.91298151016235,300.0,-193.0,False
494,Graham Ashcraft,CIN,RP,153.1946268081665,300.0,-194.0,False
495,Chris Martin,TEX,RP,152.82535219192505,300.0,-195.0,False
496,Kody Funderburk,MIN,RP,152.73117911815643,300.0,-196.0,False
497,Justin Topa,MIN,SP,152.66719150543213,300.0,-197.0,False
498,Lucas Erceg,KCR,RP,152.59655737876892,300.0,-198.0,False
499,Camilo Doval,NYY,RP,152.40000915527344,261.0,-238.0,True
500,Ryne Stanek,STL,RP,152.3990306854248,300.0,-200.0,False
501,Erik Sabrowski,CLE,RP,152.02824354171753,300.0,-201.0,False
502,Michael Conforto,LAD,LF,151.38086325880013,300.0,-202.0,False
503,Cole Winn,TEX,RP,151.19461679458618,300.0,-203.0,False
504,Greg Weissert,BOS,RP,151.14261424541473,300.0,-204.0,False
505,Tyler Holton,DET,SP,151.10351657867432,300.0,-205.0,False
506,Hurston Waldrep,ATL,SP,151.09008944034576,300.0,-206.0,False
507,Mason Montgomery,PIT,RP,150.51501846313477,300.0,-207.0,False
508,Gabe Speier,SEA,RP,150.08058166503906,300.0,-208.0,False
509,Ha-seong Kim,ATL,SS,149.65024723234038,300.0,-209.0,False
510,Ryan Zeferjahn,LAA,SP,149.14564561843872,300.0,-210.0,False
511,Dietrich Enns,BAL,SP,149.05066061019895,300.0,-211.0,False
512,Jake Fraley,TBR,RF,148.95912931383012,300.0,-212.0,False
513,Jacob Young,WSN,CF,148.8504372174782,300.0,-213.0,False
514,Rowdy Tellez,- - -,1B,148.70685641333066,300.0,-214.0,False
515,Justin Slaten,BOS,RP,148.4067268371582,300.0,-215.0,False
516,Richard Fitts,STL,SP,148.26389718055725,300.0,-216.0,False
517,Victor Robles,SEA,RF,148.14097539508043,300.0,-217.0,False
518,Carlos Santana,ARI,1B,147.96895857163642,300.0,-218.0,False
519,Tommy Pham,PIT,LF,147.68763104079392,300.0,-219.0,False
520,Ty France,- - -,1B,147.55801535072558,300.0,-220.0,False
521,Tyler Kinley,ATL,RP,147.22539234161377,300.0,-221.0,False
522,Spencer Arrighetti,HOU,SP,146.91814827919006,300.0,-222.0,False
523,Taijuan Walker,PHI,SP,146.82217049598694,300.0,-223.0,False
524,Nathaniel Lowe,CIN,1B,146.48250731290227,300.0,-224.0,False
525,Tyler Phillips,MIA,SP,146.359534740448,300.0,-225.0,False
526,Tyler Wells,BAL,SP,146.2077659368515,300.0,-226.0,False
527,Luisangel Acuna,CHW,2B,146.06613468917553,300.0,-227.0,False
528,Spencer Bivens,SFG,RP,145.42776107788086,300.0,-228.0,False
529,Lourdes Gurriel Jr.,ARI,LF,145.08949829436298,300.0,-229.0,False
530,Pierce Johnson,CIN,RP,144.9662539958954,300.0,-230.0,False
531,Isaac Mattson,PIT,RP,144.61593627929688,300.0,-231.0,False
532,PJ Poulin,WSN,RP,144.43329513072968,300.0,-232.0,False
533,Romy Gonzalez,BOS,1B,144.32756349715737,300.0,-233.0,False
534,Sean Newcomb,CHW,SP,143.9518631696701,300.0,-234.0,False
535,Jose Butto,SFG,RP,143.9202163219452,300.0,-235.0,False
536,Hunter Dobbins,STL,SP,143.90359497070312,300.0,-236.0,False
537,Brooks Raley,NYM,RP,143.6871838569641,300.0,-237.0,False
538,Kade Strowd,ARI,RP,143.54358291625977,300.0,-238.0,False
539,Connor Phillips,CIN,RP,143.41860961914062,300.0,-239.0,False
540,Liam Hicks,MIA,C,143.11808981692857,300.0,-240.0,False
541,Anthony Bender,MIA,RP,143.01358830928802,300.0,-241.0,False
542,Mike Tauchman,CHW,RF,142.61814843085853,300.0,-242.0,False
543,Andrew McCutchen,PIT,RF,142.20063041074383,300.0,-243.0,False
544,Janson Junk,MIA,SP,142.008291721344,300.0,-244.0,False
545,John Schreiber,KCR,RP,141.82537841796875,300.0,-245.0,False
546,Kody Clemens,MIN,2B,141.46172884680465,300.0,-246.0,False
547,Marcelo Mayer,BOS,3B,141.2021497562084,300.0,-247.0,False
548,Brock Burke,CIN,SP,141.16681480407715,300.0,-248.0,False
549,Elvis Alvarado,ATH,RP,141.08226490020752,300.0,-249.0,False
550,Caden Dana,LAA,SP,140.81751108169556,300.0,-250.0,False
551,Tomoyuki Sugano,COL,SP,140.7946844100952,300.0,-251.0,False
552,Jake Irvin,WSN,SP,139.7667647600174,300.0,-252.0,False
553,Jake Mangum,PIT,LF,139.7335771670831,300.0,-253.0,False
554,Jake Bauers,MIL,1B,139.62027221246487,300.0,-254.0,False
555,Jose Caballero,NYY,SS,139.14512269601636,300.0,-255.0,False
556,Justin Steele,CHC,SP,138.5539195537567,300.0,-256.0,False
557,Walker Buehler,- - -,SP,137.8375699520111,300.0,-257.0,False
558,Randal Grichuk,- - -,RF,137.67349129590994,300.0,-258.0,False
559,Ryan Thompson,ARI,RP,137.16434478759766,300.0,-259.0,False
560,Tanner Banks,PHI,SP,136.07463264465332,300.0,-260.0,False
561,David Morgan,SDP,SP,135.97060656547546,300.0,-261.0,False
562,Rico Garcia,BAL,SP,135.69256782531738,300.0,-262.0,False
563,Edouard Julien,COL,2B,135.5295086500913,300.0,-263.0,False
564,Seth Halvorsen,COL,RP,134.86001873016355,300.0,-264.0,False
565,Nick Mears,KCR,RP,134.64975500106812,300.0,-265.0,False
566,Yohan Ramirez,PIT,RP,134.35640335083008,300.0,-266.0,False
567,Casey Schmitt,SFG,3B,134.1704243641161,300.0,-267.0,False
568,Carson Williams,TBR,SS,133.401112832015,300.0,-268.0,False
569,Denzel Clarke,ATH,CF,133.21767476849945,300.0,-269.0,False
570,JJ Bleday,CIN,CF,133.16967904001882,300.0,-270.0,False
571,Tyrone Taylor,NYM,CF,133.12780017107542,300.0,-271.0,False
572,Yennier Cano,BAL,RP,133.08851051330566,300.0,-272.0,False
573,Anthony Banda,MIN,SP,133.03209447860718,300.0,-273.0,False
574,Javier Baez,DET,CF,132.76660545863334,300.0,-274.0,False
575,Jordan Romano,LAA,RP,132.75054705142975,300.0,-275.0,False
576,Michael Kelly,ATH,RP,132.73115825653076,300.0,-276.0,False
577,Nick Castellanos,SDP,RF,132.27608277178774,300.0,-277.0,False
578,Zack Kelly,BOS,RP,131.30013275146484,300.0,-278.0,False
579,Mason Englert,TBR,RP,129.99786520004272,300.0,-279.0,False
580,Matt Festa,CLE,RP,129.96264791488647,300.0,-280.0,False
581,Amed Rosario,NYY,3B,129.85843827692833,300.0,-281.0,False
582,Danny Jansen,TEX,C,129.8116017050733,300.0,-282.0,False
583,Miguel Amaya,CHC,C,129.75210441657683,300.0,-283.0,False
584,Jakob Junis,TEX,RP,129.68379306793213,300.0,-284.0,False
585,Angel Zerpa,MIL,SP,129.13668727874756,300.0,-285.0,False
586,Javier Sanoja,MIA,2B,127.6967982478127,300.0,-286.0,False
587,Luis Garcia,NYM,RP,127.26153600215912,300.0,-287.0,False
588,Caleb Ferguson,CIN,RP,127.22682452201845,300.0,-288.0,False
589,Jose Trevino,CIN,C,127.14354342040632,300.0,-289.0,False
590,Tommy Nance,TOR,RP,127.08006978034972,300.0,-290.0,False
591,Carmen Mlodzinski,PIT,SP,127.06083703041077,300.0,-291.0,False
592,Christopher Morel,MIA,LF,126.9751821407922,300.0,-292.0,False
593,Enyel De Los Santos,HOU,RP,126.80514478683472,300.0,-293.0,False
594,Thairo Estrada,COL,2B,126.35224136200644,300.0,-294.0,False
595,Paul Blackburn,NYY,SP,126.32275998592377,300.0,-295.0,False
596,Joey Bart,PIT,C,126.0314970739231,300.0,-296.0,False
597,Kyle Farmer,COL,2B,125.44571807515388,300.0,-297.0,False
598,Nick Fortes,TBR,C,125.03579795493276,300.0,-298.0,False
599,Colin Rea,CHC,SP,125.03227531909944,300.0,-299.0,False
600,Brendon Little,TOR,RP,124.74711680412292,300.0,-300.0,False
601,Jonathan Bowlan,PHI,SP,124.69127464294434,300.0,-301.0,False
602,Aaron Bummer,ATL,SP,124.322114944458,300.0,-302.0,False
603,Thomas Saggese,STL,2B,123.6717885154342,300.0,-303.0,False
604,Matt Vierling,DET,CF,123.50448269280824,300.0,-304.0,False
605,Grant Anderson,MIL,RP,122.90939140319824,300.0,-305.0,False
606,Emerson Hancock,SEA,SP,122.83888709545135,300.0,-306.0,False
607,Erick Fedde,CHW,SP,122.59854769706726,300.0,-307.0,False
608,Huascar Brazoban,NYM,SP,122.2132682800293,300.0,-308.0,False
609,Matt Shaw,CHC,3B,122.1662644093933,300.0,-309.0,False
610,Sean Murphy,ATL,C,121.48328384505076,300.0,-310.0,False
611,Troy Melton,DET,SP,120.92287254333496,300.0,-311.0,False
612,Pedro Pages,STL,C,120.80288994105943,300.0,-312.0,False
613,Jackson Rutledge,WSN,RP,120.72688615322112,300.0,-313.0,False
614,Graham Pauley,MIA,3B,120.7130909505146,300.0,-314.0,False
615,Scott Barlow,ATH,SP,120.70201659202576,300.0,-315.0,False
616,Angel Martinez,CLE,CF,120.68518410547058,300.0,-316.0,False
617,Tim Hill,NYY,RP,120.28468370437622,300.0,-317.0,False
618,Brandon Sproat,MIL,SP,120.21643781661987,300.0,-318.0,False
619,Tyler Alexander,TEX,SP,120.08721661567688,300.0,-319.0,False
620,Brant Hurter,DET,SP,119.99088752269743,300.0,-320.0,False
621,Dominic Smith,SFG,1B,119.76666225528578,300.0,-321.0,False
622,Max Muncy,ATH,3B,119.0751916914008,186.0,-436.0,True
623,Adam Frazier,- - -,2B,118.20803992699636,300.0,-323.0,False
624,Cole Sulser,TBR,RP,118.19727063179016,300.0,-324.0,False
625,Jacob Webb,CHC,RP,118.10268211364746,300.0,-325.0,False
626,Hayden Birdsong,SFG,SP,117.79068970680235,300.0,-326.0,False
627,Ben Casparius,LAD,SP,117.7606258392334,300.0,-327.0,False
628,Cade Gibson,MIA,SP,117.68370294570924,300.0,-328.0,False
629,Reese Olson,DET,SP,117.21727845668794,266.0,-363.0,True
630,Taylor Clarke,ARI,RP,117.21415424346924,300.0,-330.0,False
631,Hoby Milner,CHC,RP,117.20402765274048,300.0,-331.0,False
632,Kyle Higashioka,TEX,C,117.09323601231608,300.0,-332.0,False
633,Brent Suter,LAA,SP,116.9904556274414,300.0,-333.0,False
634,Jake Bird,NYY,RP,116.79302942752838,300.0,-334.0,False
635,Troy Johnston,COL,OF,116.77100237844738,300.0,-335.0,False
636,Wandy Peralta,SDP,SP,116.25160896778108,300.0,-336.0,False
637,Taylor Walls,TBR,SS,116.143183624621,300.0,-337.0,False
638,Brent Headrick,NYY,RP,115.61417531967165,300.0,-338.0,False
639,Jason Adam,SDP,RP,115.40452027320862,300.0,-339.0,False
640,Tim Herrin,CLE,RP,115.19797086715698,300.0,-340.0,False
641,Joel Payamps,ATL,RP,115.12389528751372,300.0,-341.0,False
642,Gordon Graceffo,STL,RP,115.10628628730774,300.0,-342.0,False
643,Luis Torrens,NYM,C,114.4470378458426,300.0,-343.0,False
644,Eric Orze,MIN,RP,114.40617275238036,300.0,-344.0,False
645,Jack Dreyer,LAD,SP,114.14161849021912,300.0,-345.0,False
646,Jordan Hicks,CHW,SP,114.02391338348389,300.0,-346.0,False
647,Brennan Bernardino,COL,SP,113.78863835334778,300.0,-347.0,False
648,Braydon Fisher,TOR,SP,113.48847770690918,300.0,-348.0,False
649,Rob Refsnyder,SEA,RF,112.84796033420324,300.0,-349.0,False
650,Michael A. Taylor,CHW,RF,112.3403013334888,300.0,-350.0,False
651,Masataka Yoshida,BOS,LF,111.57969231286133,300.0,-351.0,False
652,Brenan Hanifee,DET,RP,111.46700620651244,300.0,-352.0,False
653,Will Benson,CIN,LF,111.05810596019636,300.0,-353.0,False
654,Ezequiel Duran,TEX,SS,110.62405576306986,300.0,-354.0,False
655,Stephen Kolek,KCR,SP,110.36817741394044,300.0,-355.0,False
656,Carlos Vargas,SEA,RP,110.31621932983398,300.0,-356.0,False
657,Casey Legumina,SEA,SP,110.0526385307312,300.0,-357.0,False
658,Mitchell Parker,WSN,SP,109.43569707870483,300.0,-358.0,False
659,Yuki Matsui,SDP,RP,108.98116946220398,300.0,-359.0,False
660,Bennett Sousa,HOU,RP,108.36029410362244,300.0,-360.0,False
661,Enrique Hernandez,LAD,1B,108.33321903293924,300.0,-361.0,False
662,Wilmer Flores,SFG,1B,108.1226014013512,300.0,-362.0,False
663,Connor Brogdon,CLE,RP,108.0086588859558,300.0,-363.0,False
664,Justin Wrobleski,LAD,SP,107.61027526855467,300.0,-364.0,False
665,Logan Evans,SEA,SP,107.4889218211174,300.0,-365.0,False
666,Jasson Dominguez,NYY,OF,107.16859315831836,278.0,-388.0,True
667,Starling Marte,NYM,LF,107.0269614264507,300.0,-367.0,False
668,Ryan Yarbrough,NYY,SP,105.90558516979218,300.0,-368.0,False
669,J.T. Ginn,ATH,SP,105.80097937583923,300.0,-369.0,False
670,Porter Hodge,CHC,RP,105.47806572914124,300.0,-370.0,False
671,Antonio Senzatela,COL,SP,105.23199367523192,300.0,-371.0,False
672,Daniel Lynch IV,KCR,SP,105.0501891374588,300.0,-372.0,False
673,Brock Stewart,LAD,RP,104.83607482910156,300.0,-373.0,False
674,Ian Hamilton,ATL,SP,104.56469988822936,300.0,-374.0,False
675,Marcus Stroman,NYY,SP,104.06373846530914,300.0,-375.0,False
676,Blaze Alexander,BAL,SS,104.05438990795447,300.0,-376.0,False
677,Eric Lauer,TOR,SP,103.94130969047546,300.0,-377.0,False
678,Brandon Eisert,CHW,SP,103.56786704063416,300.0,-378.0,False
679,Jose Tena,WSN,3B,103.295302885736,300.0,-379.0,False
680,Jose Fermin,LAA,RP,103.0799207687378,300.0,-380.0,False
681,Alex Verdugo,ATL,LF,103.04142483348365,300.0,-381.0,False
682,Ryan Bergert,KCR,SP,102.30425083637238,300.0,-382.0,False
683,Ryan Pressly,CHC,RP,102.22801307439804,300.0,-383.0,False
684,Yoendrys Gomez,TBR,SP,101.37761306762695,300.0,-384.0,False
685,Miguel Rojas,LAD,2B,101.0545937136622,300.0,-385.0,False
686,Ramon Urias,- - -,Unknown,100.97960172869628,300.0,-386.0,False
687,Jaden Hill,COL,RP,100.78737688064577,300.0,-387.0,False
688,Matt Gage,SFG,SP,100.74475193023682,300.0,-388.0,False
689,Dane Myers,CIN,CF,100.68357520994866,300.0,-389.0,False
690,Beau Brieske,DET,SP,100.56355357170104,300.0,-390.0,False
691,Steven Wilson,TBR,RP,100.0614800453186,300.0,-391.0,False
692,Oswald Peraza,LAA,3B,100.0045950274236,300.0,-392.0,False
693,Henry Davis,PIT,C,98.4500170504603,300.0,-393.0,False
694,Tobias Myers,NYM,SP,98.37607097625732,300.0,-394.0,False
695,Andrew Chafin,MIN,RP,98.37087368965148,300.0,-395.0,False
696,Isiah Kiner-Falefa,BOS,SS,97.26787273896213,300.0,-396.0,False
697,Colby Thomas,ATH,RF,96.95754953776476,300.0,-397.0,False
698,George Soriano,STL,RP,96.48941111564636,300.0,-398.0,False
699,Keider Montero,DET,SP,95.59347009658812,300.0,-399.0,False
700,Edmundo Sosa,PHI,2B,95.4842936861277,300.0,-400.0,False
701,Travis Adams,MIN,SP,95.27725541591644,300.0,-401.0,False
702,Sam Haggerty,TEX,CF,94.45219671256513,300.0,-402.0,False
703,Bailey Falter,KCR,SP,94.42483806610107,300.0,-403.0,False
704,A.J. Blubaugh,HOU,SP,94.10666239261629,300.0,-404.0,False
705,Drew Gilbert,SFG,CF,93.8578611144044,300.0,-405.0,False
706,Cody Freeman,TEX,3B,93.7768550004253,300.0,-406.0,False
707,Santiago Espinal,CIN,3B,92.96858812914084,300.0,-407.0,False
708,Justin Wilson,BOS,RP,92.92029023170473,300.0,-408.0,False
709,JP Sears,SDP,SP,92.59576261043549,300.0,-409.0,False
710,Luke Raley,SEA,RF,92.23471834600268,300.0,-410.0,False
711,Rob Zastryzny,MIL,SP,92.11050033569336,300.0,-411.0,False
712,Wikelman Gonzalez,CHW,RP,92.04770469665527,300.0,-412.0,False
713,Ben Brown,CHC,SP,92.0472662448883,300.0,-413.0,False
714,Andy Ibanez,ATH,Unknown,91.92439832621292,300.0,-414.0,False
715,Hunter Feduccia,TBR,C,91.0434473576769,300.0,-415.0,False
716,Danny Coulombe,- - -,SP,90.9358081817627,300.0,-416.0,False
717,Blake Perkins,MIL,CF,90.58854260797172,300.0,-417.0,False
718,Lake Bachar,MIA,SP,90.38014793395996,300.0,-418.0,False
719,Ben Williamson,TBR,3B,88.96334880517335,300.0,-419.0,False
720,Otto Kemp,PHI,1B,88.79963586063501,300.0,-420.0,False
721,Robert Hassell III,WSN,CF,88.79938319346175,300.0,-421.0,False
722,Justin Turner,CHC,1B,88.44893623365303,300.0,-422.0,False
723,Alexander Canario,PIT,LF,88.1964369601843,300.0,-423.0,False
724,Braxton Fulford,COL,C,87.88958798751362,300.0,-424.0,False
725,Javier Assad,CHC,SP,87.29727971553802,300.0,-425.0,False
726,Ryan Gusto,MIA,SP,87.27319633960724,300.0,-426.0,False
727,Charlie Morton,- - -,SP,86.95420455932617,300.0,-427.0,False
728,Darell Hernaiz,ATH,3B,86.80888052365034,300.0,-428.0,False
729,Bryce Teodosio,LAA,CF,86.61388562401245,300.0,-429.0,False
730,Joey Wentz,ATL,SP,86.33554553985596,300.0,-430.0,False
731,Daniel Schneemann,CLE,2B,85.50266673165203,300.0,-431.0,False
732,David Hamilton,MIL,2B,85.4569799770759,300.0,-432.0,False
733,JT Brubaker,SFG,SP,85.39847612380981,300.0,-433.0,False
734,Tanner Gordon,COL,SP,85.30072271823883,300.0,-434.0,False
735,Christian Vazquez,MIN,C,84.66000451778397,300.0,-435.0,False
736,Jahmai Jones,DET,RF,84.62546684362982,300.0,-436.0,False
737,John King,MIA,RP,84.4068021774292,300.0,-437.0,False
738,DL Hall,MIL,SP,84.25222826004028,300.0,-438.0,False
739,Bowden Francis,TOR,SP,84.18961334228516,300.0,-439.0,False
740,Triston Casas,BOS,1B,84.11217410741128,300.0,-440.0,False
741,David Fry,CLE,1B,83.88666933741797,300.0,-441.0,False
742,Adrian Del Castillo,ARI,C,83.61610262755752,300.0,-442.0,False
743,Grant Wolfram,BAL,RP,83.52966666221619,300.0,-443.0,False
744,Connor Wong,BOS,C,83.47634224722326,300.0,-444.0,False
745,Alex Call,LAD,RF,83.16473208898529,300.0,-445.0,False
746,David Festa,MIN,SP,82.93603277206421,300.0,-446.0,False
747,Mason Fluharty,TOR,RP,82.50332546234131,300.0,-447.0,False
748,Steven Cruz,KCR,RP,82.32964956760406,300.0,-448.0,False
749,Jose Urena,- - -,SP,81.47636103630066,300.0,-449.0,False
750,Paxton Schultz,WSN,SP,81.31633710861206,300.0,-450.0,False
751,Tommy Kahnle,DET,RP,81.16499376296997,300.0,-451.0,False
752,Kyle Karros,COL,3B,80.50423106955647,300.0,-452.0,False
753,Kyle Nicolas,PIT,RP,80.22417187690735,300.0,-453.0,False
754,Zach Agnos,COL,RP,80.12320160865784,300.0,-454.0,False
755,Jose Iglesias,SDP,2B,79.92578849132953,300.0,-455.0,False
756,James McCann,ARI,C,79.72908430319936,300.0,-456.0,False
757,Luis Urias,ATH,2B,79.54004613294974,300.0,-457.0,False
758,Tyler Locklear,ARI,1B,79.41263143487521,300.0,-458.0,False
759,Chad Green,TOR,RP,79.2499008178711,300.0,-459.0,False
760,Yohel Pozo,STL,C,78.95580107874103,300.0,-460.0,False
761,Ryan Fernandez,STL,RP,78.62586641311646,300.0,-461.0,False
762,Ryan Ritter,COL,SS,78.62178777524652,300.0,-462.0,False
763,Gio Urshela,ATH,3B,78.04469344744398,300.0,-463.0,False
764,Chris Taylor,LAA,CF,77.92202908135813,300.0,-464.0,False
765,Dylan Dodd,ATL,RP,77.81363868713379,300.0,-465.0,False
766,Travis d'Arnaud,LAA,C,77.56770373723906,300.0,-466.0,False
767,Luke Jackson,- - -,RP,77.33697843551636,300.0,-467.0,False
768,Max Kepler,PHI,LF,77.29218707691851,300.0,-468.0,False
769,Ryan Mountcastle,BAL,1B,76.40884215818708,300.0,-469.0,False
770,Luis Matos,SFG,RF,76.39445493104176,300.0,-470.0,False
771,Jon Berti,CHC,3B,76.33016531169314,300.0,-471.0,False
772,Justyn-Henry Malloy,TBR,RF,76.14302231522163,300.0,-472.0,False
773,Ryan Brasier,TEX,SP,75.55944204330444,300.0,-473.0,False
774,Oswaldo Cabrera,NYY,3B,74.4345987930212,300.0,-474.0,False
775,Kevin Kelly,TBR,RP,74.16379356384277,300.0,-475.0,False
776,Jeremiah Jackson,BAL,2B,73.84283719407082,300.0,-476.0,False
777,Mitch Garver,SEA,C,73.59022693551876,300.0,-477.0,False
778,James Outman,MIN,CF,73.56452672541317,300.0,-478.0,False
779,Tyler Ferguson,ATH,RP,73.42900133132935,300.0,-479.0,False
780,Jake Rogers,DET,C,72.7163182090805,300.0,-480.0,False
781,Daysbel Hernandez,ATL,RP,72.67186832427979,300.0,-481.0,False
782,Colin Holderman,CLE,RP,72.28896021842957,300.0,-482.0,False
783,Myles Straw,TOR,CF,71.92065237713913,300.0,-483.0,False
784,Alan Roden,MIN,LF,71.55666150344618,300.0,-484.0,False
785,Corbin Burnes,ARI,SP,71.26694571971893,300.0,-485.0,False
786,Andre Granillo,WSN,RP,70.51568531990051,300.0,-486.0,False
787,Anthony Santander,TOR,OF/DH,69.87585428587919,238.0,-549.0,True
788,Kai-Wei Teng,HOU,SP,68.62603271007538,300.0,-488.0,False
789,Andrew Saalfrank,ARI,RP,68.21247100830078,300.0,-489.0,False
790,Nick Loftin,KCR,LF,67.96346196513083,300.0,-490.0,False
791,Gunnar Hoglund,ATH,SP,67.40578436851501,300.0,-491.0,False
792,Austin Slater,- - -,LF,67.11504330502517,300.0,-492.0,False
793,Jonathan Loaisiga,ARI,RP,67.07311820983887,300.0,-493.0,False
794,Jackson Perkins,ATH,SP,67.02660274505615,300.0,-494.0,False
795,Jalen Beeks,ARI,SP,67.01052618026733,300.0,-495.0,False
796,Pierson Ohl,COL,SP,66.5303726196289,300.0,-496.0,False
797,Rafael Marchan,PHI,C,65.90310772357333,300.0,-497.0,False
798,Mason Barnett,ATH,SP,65.67595875263214,300.0,-498.0,False
799,Jason Alexander,HOU,SP,65.61356163024902,300.0,-499.0,False
800,Adael Amador,COL,2B,65.46266589179601,300.0,-500.0,False
801,Luis Mey,CIN,RP,65.30973625183105,300.0,-501.0,False
802,Colton Gordon,HOU,SP,65.24948787689209,300.0,-502.0,False
803,Chase Shugart,PHI,RP,64.72243857383728,300.0,-503.0,False
804,Leo Rivas,SEA,2B,64.65043432064468,300.0,-504.0,False
805,Michael Helman,TEX,CF,64.6484691290599,300.0,-505.0,False
806,LaMonte Wade Jr.,CHW,1B,64.37909758472944,300.0,-506.0,False
807,Chris Murphy,CHW,RP,63.72119855880737,300.0,-507.0,False
808,Clarke Schmidt,NYY,SP,63.66855442523956,300.0,-508.0,False
809,Dalton Rushing,LAD,C,63.154866112030255,300.0,-509.0,False
810,Hyeseong Kim,LAD,2B,62.602376814189455,300.0,-510.0,False
811,Ronny Mauricio,NYM,3B,61.87780330061869,300.0,-511.0,False
812,Chris Roycroft,STL,RP,61.73975658416748,300.0,-512.0,False
813,Tyler Heineman,TOR,C,61.45359421344487,300.0,-513.0,False
814,Joey Lucchesi,SFG,RP,61.20533049106598,300.0,-514.0,False
815,Sawyer Gipson-Long,DET,SP,60.79441571235657,300.0,-515.0,False
816,Tristan Beck,SFG,SP,60.48546028137207,300.0,-516.0,False
817,Alek Jacob,SDP,RP,60.05172312259674,300.0,-517.0,False
818,Tim Tawa,ARI,2B,59.69243506557841,300.0,-518.0,False
819,Yariel Rodriguez,TOR,SP,59.200849533081055,300.0,-519.0,False
820,Eric Wagaman,MIN,1B,58.66472479646865,300.0,-520.0,False
821,Dan Altavilla,MIN,RP,57.80327606201172,300.0,-521.0,False
822,Trent Thornton,CHC,RP,57.18983554840088,300.0,-522.0,False
823,Michael Tonkin,MIN,RP,55.78297257423401,300.0,-523.0,False
824,Max Lazar,PHI,RP,55.77578783035278,300.0,-524.0,False
825,Will Wagner,SDP,3B,55.6581329227247,300.0,-525.0,False
826,Joshua Palacios,CHW,RF,55.529504779773,300.0,-526.0,False
827,John Rave,KCR,RF,55.38926521412853,300.0,-527.0,False
828,Zack Gelof,ATH,2B,55.38555898368399,300.0,-528.0,False
829,Sam Bachman,LAA,RP,55.14482879638672,300.0,-529.0,False
830,Juan Morillo,ARI,RP,54.73004961013794,300.0,-530.0,False
831,Chase Lee,TOR,RP,54.46804785728455,300.0,-531.0,False
832,Mark Canha,TEX,LF,52.835114801894846,300.0,-532.0,False
833,Orlando Ribalta,WSN,RP,52.77003073692322,300.0,-533.0,False
834,Nick Allen,HOU,SS,51.41180464758756,300.0,-534.0,False
835,DJ LeMahieu,NYY,2B,51.274891659565725,300.0,-535.0,False
836,Nolan Jones,CLE,RF,51.00493773187376,300.0,-536.0,False
837,Hayden Wesneski,HOU,SP,50.933181047439575,300.0,-537.0,False
838,Austin Wynns,ATH,C,50.66492927176795,300.0,-538.0,False
839,Derek Hill,CHW,CF,50.20425101047503,300.0,-539.0,False
840,Yerry De Los Santos,NYY,RP,50.1537561416626,300.0,-540.0,False
841,Carlos Carrasco,- - -,SP,50.09146232604981,300.0,-541.0,False
842,Alejandro Osuna,TEX,LF,49.58920955966496,300.0,-542.0,False
843,Adam Mazur,MIA,SP,48.89336788654328,300.0,-543.0,False
844,Orlando Arcia,MIN,SS,48.82042565566901,300.0,-544.0,False
845,Angel Chivilli,NYY,RP,48.77111101150513,300.0,-545.0,False
846,Warming Bernabel,WSN,3B,48.68350344311045,300.0,-546.0,False
847,Reese McGuire,MIL,C,48.6832122183174,300.0,-547.0,False
848,Ildemaro Vargas,ARI,2B,48.67455792696212,300.0,-548.0,False
849,Justin Hagenman,NYM,SP,48.55994057655335,300.0,-549.0,False
850,Brandon Young,BAL,SP,48.31885838508606,300.0,-550.0,False
851,Kaleb Ort,LAA,RP,48.062180042266846,300.0,-551.0,False
852,Elias Diaz,SDP,C,47.86290340466187,300.0,-552.0,False
853,Johan Rojas,PHI,CF,47.75479666003504,300.0,-553.0,False
854,Nick Martini,COL,RF,47.47929838655708,300.0,-554.0,False
855,Cade Povich,BAL,SP,47.453725695610046,300.0,-555.0,False
856,Kyle Hart,SDP,SP,46.78341996669769,300.0,-556.0,False
857,Kristian Campbell,BOS,2B,46.342435125674896,300.0,-557.0,False
858,Carson Whisenhunt,SFG,SP,46.11565458774567,300.0,-558.0,False
859,Jacob Stallings,- - -,C,45.86408641463377,300.0,-559.0,False
860,Rafael Montero,NYY,RP,45.1745913028717,300.0,-560.0,False
861,Christian Koss,SFG,2B,44.79387133446474,300.0,-561.0,False
862,Gary Sanchez,BAL,C,44.68463955034177,300.0,-562.0,False
863,Jorge Lopez,WSN,RP,44.37428665161133,300.0,-563.0,False
864,Chas McCormick,CHC,LF,44.18690152470796,300.0,-564.0,False
865,Martin Perez,ATL,SP,43.69210004806519,300.0,-565.0,False
866,Eli White,ATL,RF,43.63543847820795,300.0,-566.0,False
867,Trevor Williams,WSN,SP,43.54496383666992,300.0,-567.0,False
868,Hunter Renfroe,KCR,RF,43.404067569415446,300.0,-568.0,False
869,Curtis Mead,CHW,1B,41.54114447950293,300.0,-569.0,False
870,Cionel Perez,WSN,RP,41.12255764007568,300.0,-570.0,False
871,Landon Knack,LAD,SP,40.97333526611328,300.0,-571.0,False
872,Brandon Waddell,NYM,SP,40.86145683526993,300.0,-572.0,False
873,Lou Trivino,PHI,SP,40.68846607208252,300.0,-573.0,False
874,Hector Neris,KCR,RP,40.65612101554871,300.0,-574.0,False
875,Dylan Moore,PHI,2B,40.53684557638519,300.0,-575.0,False
876,Martin Maldonado,SDP,C,40.46270847210032,300.0,-576.0,False
877,Nick Sogard,BOS,1B,40.236289857782985,300.0,-577.0,False
878,Austin Hedges,CLE,C,40.05390168756356,300.0,-578.0,False
879,Lyon Richardson,CIN,RP,39.98005819320679,300.0,-579.0,False
880,Felix Bautista,BAL,RP,39.80147552490234,300.0,-580.0,False
881,Cooper Hummel,- - -,LF,39.67152959195872,300.0,-581.0,False
882,Jack Suwinski,PIT,RF,38.89144087620573,300.0,-582.0,False
883,Dane Dunning,SEA,RP,38.651185154914856,300.0,-583.0,False
884,Andruw Monasterio,BOS,SS,38.55695762164503,300.0,-584.0,False
885,Jorge Alcala,TOR,RP,38.06891345977783,300.0,-585.0,False
886,Carson Palmquist,COL,SP,37.81158447265625,300.0,-586.0,False
887,Tyler Gilbert,CHW,SP,37.69265103340149,300.0,-587.0,False
888,Mitch Farris,LAA,SP,37.58820271492005,300.0,-588.0,False
889,Joey Loperfido,HOU,LF,37.49379034031934,300.0,-589.0,False
890,Scott Blewett,STL,SP,37.18252277374268,300.0,-590.0,False
891,Tyler Fitzgerald,SFG,2B,36.69619801155501,300.0,-591.0,False
892,Zach Dezenzo,HOU,LF,36.67436149262424,300.0,-592.0,False
893,Trey Sweeney,DET,SS,36.09935945046903,300.0,-593.0,False
894,Bryse Wilson,PHI,SP,35.18012714385986,300.0,-594.0,False
895,Christian Encarnacion-Strand,CIN,1B,34.65377940124835,300.0,-595.0,False
896,Carlos Hernandez,CLE,RP,34.31485080718994,300.0,-596.0,False
897,Zach Brzykcy,WSN,RP,34.21604359149933,300.0,-597.0,False
898,Dylan Carlson,CHC,LF,33.732064322066634,300.0,-598.0,False
899,Riley Adams,WSN,C,33.6491442999254,300.0,-599.0,False
900,Josh Rojas,KCR,3B,33.61779901039163,300.0,-600.0,False
901,Max Schuemann,NYY,3B,33.167063439504304,300.0,-601.0,False
902,Ryan Borucki,CHW,RP,32.771610736846924,300.0,-602.0,False
903,Manuel Rodriguez,TBR,RP,32.57460403442383,300.0,-603.0,False
904,Genesis Cabrera,PHI,RP,31.679445266723636,300.0,-604.0,False
905,Grant Holman,ARI,SP,31.352869987487797,300.0,-605.0,False
906,Jack Kochanowicz,LAA,SP,31.18571138381958,300.0,-606.0,False
907,Nacho Alvarez Jr.,ATL,SS,30.67202269718853,300.0,-607.0,False
908,Carson Seymour,SFG,SP,29.708139419555664,300.0,-608.0,False
909,Osvaldo Bido,NYY,SP,28.63594627380371,300.0,-609.0,False
910,Kyren Paris,LAA,2B,28.28179102448684,300.0,-610.0,False
911,Ronel Blanco,HOU,SP,28.211031198501587,300.0,-611.0,False
912,Leody Taveras,BAL,OF,27.48846862356585,300.0,-612.0,False
913,Paul DeJong,NYY,3B,27.44938840557252,300.0,-613.0,False
914,Kyle Backhus,PHI,RP,27.391870498657227,300.0,-614.0,False
915,Brandon Lockridge,MIL,LF,27.19852700349279,300.0,-615.0,False
916,McCade Brown,COL,SP,26.739012479782104,300.0,-616.0,False
917,Michael Toglia,CIN,1B,26.101481797304285,300.0,-617.0,False
918,Josh Simpson,MIA,RP,26.066463708877563,300.0,-618.0,False
919,Austin Gomber,TEX,SP,26.00719928741455,300.0,-619.0,False
920,Coby Mayo,BAL,1B,25.972631767794702,300.0,-620.0,False
921,Mitch Spence,KCR,SP,25.588512420654297,300.0,-621.0,False
922,Brendan Rodgers,BOS,2B,25.46839476481196,300.0,-622.0,False
923,Bradley Blalock,MIA,SP,24.47403311729431,300.0,-623.0,False
924,Kameron Misner,KCR,CF,24.404682399675103,300.0,-624.0,False
925,Konnor Pilkington,DET,RP,23.93425130844116,300.0,-625.0,False
926,Ryan Rolison,CHC,SP,23.884424209594727,300.0,-626.0,False
927,Drew Waters,KCR,LF,23.26731075889486,300.0,-627.0,False
928,Collin Snider,CHC,RP,22.519731760025024,300.0,-628.0,False
929,Miles Mastrobuoni,SEA,3B,22.294739659856905,300.0,-629.0,False
930,Hunter Strickland,LAA,RP,21.991337060928345,300.0,-630.0,False
931,Joe Ross,ARI,SP,21.65725326538086,300.0,-631.0,False
932,John Brebbia,COL,RP,20.67541027069092,300.0,-632.0,False
933,Abraham Toro,KCR,1B,19.969924842698678,300.0,-633.0,False
934,Kolby Allard,CLE,SP,19.858816623687744,300.0,-634.0,False
935,Taylor Trammell,HOU,LF,18.52585841987419,300.0,-635.0,False
936,Yanquiel Fernandez,NYY,RF,17.93713813035776,300.0,-636.0,False
937,Tyler Wade,TEX,2B,17.466403204081708,300.0,-637.0,False
938,Mickey Gasper,BOS,2B,16.84073436513568,300.0,-638.0,False
939,Cam Booser,TBR,RP,15.827850341796877,300.0,-639.0,False
940,Matt Mervis,WSN,1B,14.688991647631246,300.0,-640.0,False
941,Enmanuel Valdez,PIT,1B,14.350851718518546,300.0,-641.0,False
942,Alex Jackson,MIN,C,14.327146539274237,300.0,-642.0,False
943,Weston Wilson,BAL,LF,14.0481651804078,300.0,-643.0,False
944,Shinnosuke Ogasawara,WSN,SP,13.992019653320312,300.0,-644.0,False
945,Heston Kjerstad,BAL,LF,13.364755234423136,300.0,-645.0,False
946,Jonatan Clase,TOR,LF,13.35453151680972,300.0,-646.0,False
947,Ben Rortvedt,NYM,C,12.83709019685678,300.0,-647.0,False
948,Willie MacIver,TEX,C,12.64307433969575,300.0,-648.0,False
949,Jhonkensy Noel,BAL,RF,12.20433042212385,300.0,-649.0,False
950,Matt Bowman,MIN,RP,12.12062644958496,300.0,-650.0,False
951,AJ Smith-Shawver,ATL,SP,11.37367033958435,300.0,-651.0,False
952,Donovan Solano,- - -,1B,11.126181636701345,300.0,-652.0,False
953,Jonah Bride,TEX,3B,10.621985995863389,300.0,-653.0,False
954,Valente Bellozo,COL,SP,10.138195037841797,300.0,-654.0,False
955,Kevin Newman,KCR,3B,10.079517626443671,300.0,-655.0,False
956,Cal Quantrill,TEX,SP,9.305070042610168,300.0,-656.0,False
957,Yu Darvish,SDP,SP,9.266188325508832,300.0,-657.0,False
958,Jose Herrera,TEX,RP,9.263045921575554,300.0,-658.0,False
959,Tylor Megill,NYM,SP,9.195382753431796,300.0,-659.0,False
960,Luis L. Ortiz,CLE,SP,8.243960108982323,300.0,-660.0,False
961,Brandon Walter,HOU,SP,7.629992594203949,300.0,-661.0,False
962,Tanner Houck,BOS,SP,7.610274812221527,300.0,-662.0,False
963,Frankie Montas,NYM,SP,7.513194165577888,300.0,-663.0,False
964,Tony Gonsolin,LAD,SP,7.298899488060474,300.0,-664.0,False
965,Nestor Cortes,- - -,SP,7.177013264107704,300.0,-665.0,False
966,Jackson Jobe,DET,SP,6.667043671064377,300.0,-666.0,False
967,Anthony DeSclafani,ARI,SP,6.5862924025297165,300.0,-667.0,False
968,Andrew Heaney,- - -,SP,6.227680206631422,300.0,-668.0,False
969,Clayton Kershaw,LAD,SP,6.219269971079826,300.0,-669.0,False
970,Kyle Hendricks,LAA,SP,6.094613285803795,300.0,-670.0,False
971,Connor Gillispie,MIA,SP,6.025207889263631,300.0,-671.0,False
972,Emmanuel Rivera,BAL,3B,5.869944376890571,300.0,-672.0,False
973,Caleb Boushley,TEX,SP,5.724731633344889,300.0,-673.0,False
974,Ben Lively,CLE,SP,5.432993617949486,300.0,-674.0,False
975,Matt Sauer,LAD,SP,5.404056285762787,300.0,-675.0,False
976,Vinny Capra,BOS,3B,5.202452482932001,300.0,-676.0,False
977,Thomas Hatch,ARI,SP,5.161765190099477,300.0,-677.0,False
978,Nabil Crismatt,TEX,SP,5.093593758637906,300.0,-678.0,False
979,Chris Flexen,CHC,SP,4.877896898345948,300.0,-679.0,False
980,Matt Thaiss,BOS,C,4.72476062974382,300.0,-680.0,False
981,Anthony Molina,ATL,SP,4.5201503515434265,300.0,-681.0,False
982,Jake Woodford,TBR,RP,4.51601907721281,300.0,-682.0,False
983,Easton Lucas,TOR,SP,4.298691488623619,300.0,-683.0,False
984,Bryce Jarvis,ARI,RP,4.281729929357767,300.0,-684.0,False
985,Anthony Veneziano,- - -,SP,4.001167891392708,300.0,-685.0,False
986,Carson Fulmer,LAA,RP,3.8872072191452975,300.0,-686.0,False
987,Ronny Henriquez,MIA,RP,2.987923757205009,300.0,-687.0,False
988,Randy Rodriguez,SFG,RP,2.68755176653862,300.0,-688.0,False
989,Max Kranick,NYM,RP,2.6329710735476017,300.0,-689.0,False
990,Shawn Dubin,ARI,RP,2.544967814280987,300.0,-690.0,False
991,Austin Cox,ATL,SP,2.456949287707806,300.0,-691.0,False
992,Reed Garrett,NYM,SP,2.304642750837803,300.0,-692.0,False
993,Shelby Miller,CHC,RP,2.0565346173954007,300.0,-693.0,False
994,John Curtiss,ARI,RP,2.01771898359418,300.0,-694.0,False
995,Nic Enright,TOR,RP,1.952483196258545,300.0,-695.0,False
996,Eduardo Salazar,WSN,RP,1.9345745183479788,300.0,-696.0,False
997,Sean Reynolds,SDP,SP,1.9031273976087573,300.0,-697.0,False
998,Emmanuel Clase,CLE,RP,1.8641309357447624,300.0,-698.0,False
999,Chris Stratton,- - -,RP,1.8308155780756477,300.0,-699.0,False
1000,Jose Castillo,- - -,RP,1.8154279259467123,300.0,-700.0,False
1001,Sam Long,KCR,RP,1.6605006273651122,300.0,-701.0,False
1002,Tayler Scott,ATL,RP,1.4969708442866805,300.0,-702.0,False
1003,Ian Gibaut,CIN,RP,1.3353588834500314,300.0,-703.0,False
